
/*!40101 SET @OLD_CHARACTER_SET_CLIENT=@@CHARACTER_SET_CLIENT */;
/*!40101 SET @OLD_CHARACTER_SET_RESULTS=@@CHARACTER_SET_RESULTS */;
/*!40101 SET @OLD_COLLATION_CONNECTION=@@COLLATION_CONNECTION */;
/*!40101 SET NAMES utf8mb4 */;
/*!40103 SET @OLD_TIME_ZONE=@@TIME_ZONE */;
/*!40103 SET TIME_ZONE='+00:00' */;
/*!40014 SET @OLD_UNIQUE_CHECKS=@@UNIQUE_CHECKS, UNIQUE_CHECKS=0 */;
/*!40014 SET @OLD_FOREIGN_KEY_CHECKS=@@FOREIGN_KEY_CHECKS, FOREIGN_KEY_CHECKS=0 */;
/*!40101 SET @OLD_SQL_MODE=@@SQL_MODE, SQL_MODE='NO_AUTO_VALUE_ON_ZERO' */;
/*!40111 SET @OLD_SQL_NOTES=@@SQL_NOTES, SQL_NOTES=0 */;
DROP TABLE IF EXISTS `items`;
/*!40101 SET @saved_cs_client     = @@character_set_client */;
/*!40101 SET character_set_client = utf8 */;
CREATE TABLE `items` (
  `id` int(10) unsigned NOT NULL AUTO_INCREMENT,
  `barcode` varchar(255) COLLATE utf8mb4_unicode_ci DEFAULT NULL,
  `name` varchar(255) COLLATE utf8mb4_unicode_ci NOT NULL,
  `description` varchar(255) COLLATE utf8mb4_unicode_ci DEFAULT NULL,
  `retail_price` decimal(5,2) NOT NULL,
  `wholesale_price` decimal(5,2) NOT NULL,
  `created_at` timestamp NULL DEFAULT NULL,
  `updated_at` timestamp NULL DEFAULT NULL,
  PRIMARY KEY (`id`),
  UNIQUE KEY `items_barcode_unique` (`barcode`)
) ENGINE=InnoDB AUTO_INCREMENT=997 DEFAULT CHARSET=utf8mb4 COLLATE=utf8mb4_unicode_ci;
/*!40101 SET character_set_client = @saved_cs_client */;

LOCK TABLES `items` WRITE;
/*!40000 ALTER TABLE `items` DISABLE KEYS */;
INSERT INTO `items` VALUES (1,'748485700854','555 Chili Corned Tuna 155g',NULL,27.00,27.00,NULL,NULL),(2,'748485200668','555 Fried Sardines Hot & Spicy 155g',NULL,27.00,27.00,NULL,NULL),(3,'748485200033','555 Sardines in Natural Oil Salt Added 155g',NULL,17.00,17.00,NULL,NULL),(4,'748485200064','555 Sardines in Tomato Sauce 425g',NULL,999.99,999.99,NULL,NULL),(5,'748485200026','555 Sardines in Tomato Sauce Hot 155g',NULL,16.00,16.00,NULL,NULL),(6,'748485200071','555 Sardines in Tomato Sauce Hot 425g',NULL,999.99,999.99,NULL,NULL),(7,'748485300108','555 Squid in Natural Ink 155g',NULL,30.00,30.00,NULL,NULL),(8,'748485700021','555 Tuna Afritada 155g',NULL,24.00,24.00,NULL,NULL),(9,'748485700038','555 Tuna Caldereta 155g',NULL,24.00,24.00,NULL,NULL),(10,'748485700083','555 Tuna Flakes in Oil 155g',NULL,26.00,26.00,NULL,NULL),(11,'748485701042','555 Tuna Flakes in Oil Junior 130g',NULL,23.00,23.00,NULL,NULL),(12,'748485700045','555 Tuna Mechado 155g',NULL,24.00,24.00,NULL,NULL),(13,'4801958460009','Ajinomoto Crispy Fry Breading Mix Original 30g',NULL,10.00,10.00,NULL,NULL),(14,'4801958240007','Ajinomoto Umami Seasoning 100g',NULL,20.00,20.00,NULL,NULL),(15,'4801958145005','Ajinomoto Umami Seasoning 24g',NULL,999.99,999.99,NULL,NULL),(16,'4800575416260','Alaska Choco! 110mL',NULL,14.00,14.00,NULL,NULL),(17,'4800575110373','Alaska Classic Evaporated Flled Milk 370mL (397g)',NULL,40.00,40.00,NULL,NULL),(18,'4800575130302','Alaska Condensada Sweetened Condensed Creamer 300mL (387g)',NULL,43.00,43.00,NULL,NULL),(19,'4800575142985','Alaska Crema-Asada 2-in-1 Sweetened Thick Creamer 370mL (410g)',NULL,47.00,47.00,NULL,NULL),(20,'4800575140158','Alaska Evaporada Evaporated Creamer 140mL (143g)',NULL,13.00,13.00,NULL,NULL),(21,'4800575140370','Alaska Evaporada Evaporated Creamer 370mL (380g)',NULL,27.00,27.00,NULL,NULL),(22,'4800575110151','Alaska Evaporated Filled Milk 154mL (165g)',NULL,23.00,23.00,NULL,NULL),(23,'4800575210080','Alaska Instant Powdered Milk Drink 80g',NULL,30.00,30.00,NULL,NULL),(24,'4800575141605','Alaska Instant Powdered Milk Drink 900g + 100g',NULL,254.00,254.00,NULL,NULL),(25,'4800575142169','Alaska Sweetened Condensed Creamer Snack Pack 40g',NULL,999.99,999.99,NULL,NULL),(26,'4800575120167','Alaska Sweetened Condensed Filled Milk 168mL (218g)',NULL,38.00,38.00,NULL,NULL),(27,'4800575120303','Alaska Sweetened Condensed Filled Milk 300mL (390g)',NULL,56.00,56.00,NULL,NULL),(28,'8410028900091','Alfonso 1 Brandy Light 1L',NULL,245.00,245.00,NULL,NULL),(29,'4800575890565','Alpine Sterilized Milk Drink 155mL',NULL,22.00,22.00,NULL,NULL),(30,'748485400808','Angel Condensada Sweetened Condensed Creamer 380g',NULL,39.00,39.00,NULL,NULL),(31,'748485400617','Angel Evaporated Filled Milk 410mL',NULL,40.00,40.00,NULL,NULL),(32,'748485401225','Angel Kremdensada Sweetened Thick Creamer 410mL',NULL,29.00,29.00,NULL,NULL),(33,'748485800097','Argentina Beef Loaf 170g',NULL,20.00,20.00,NULL,NULL),(34,'748485801803','Argentina Corned Beef 100g',NULL,21.00,21.00,NULL,NULL),(35,'748485801384','Argentina Embutido Meat Loaf 170g',NULL,22.00,22.00,NULL,NULL),(36,'748485801483','Argentina Hot & Spicy Beef Loaf 150g',NULL,18.00,18.00,NULL,NULL),(37,'748485800455','Argentina Liver Spread 260g',NULL,38.00,38.00,NULL,NULL),(38,'748485800332','Argentina Liver Spread 85g',NULL,20.00,20.00,NULL,NULL),(39,'748485801544','Argentina Longganisa Meat Loaf 170g',NULL,21.00,21.00,NULL,NULL),(40,'748485801490','Argentina Meat Loaf 150g',NULL,18.00,18.00,NULL,NULL),(41,'4902430583176','Ariel Color & Style Jumbo 66g',NULL,999.99,999.99,NULL,NULL),(42,'4902430583169','Ariel Sunrise Fresh Jumbo 70g',NULL,999.99,999.99,NULL,NULL),(43,'4902430768917','Ariel with Downy Golden Bloom Jumbo 66g',NULL,999.99,999.99,NULL,NULL),(44,'4902430583183','Ariel with Downy Parfum Jumbo 66g',NULL,999.99,999.99,NULL,NULL),(45,'4902430463713','Ariel with Downy Parfum Quattro Pack 120g',NULL,999.99,999.99,NULL,NULL),(46,'4806011627009','Armak Vinyl Electrical Tape 0.16mm x 19m x 4m',NULL,999.99,999.99,NULL,NULL),(47,'4806530990066','Ben & Bob Choco Champ Chocolate 35g',NULL,7.00,7.00,NULL,NULL),(48,'4808680022888','Best Foods Mayo Magic All-Purpose Dressing Budget Pack 220mL',NULL,77.00,77.00,NULL,NULL),(49,'4800888602299','Best Foods Real Mayonnaise Budget Pack 220mL',NULL,77.00,77.00,NULL,NULL),(50,'4805358327054','Magnolia Cheezee Spread Pimiento 235g',NULL,79.00,79.00,NULL,NULL),(51,'4809015286012','Bhern\'z Creamy Peanut Butter 550g',NULL,90.00,90.00,NULL,NULL),(52,'4902430523233','Bonux 3in1 Flower Fiesta 380g',NULL,999.99,999.99,NULL,NULL),(53,'4902430523240','Bonux 3in1 Kalamansi Zest 380g',NULL,999.99,999.99,NULL,NULL),(54,'4800888187840','Breez with ActivBleach 70g',NULL,999.99,999.99,NULL,NULL),(55,'4800016052774','C2 Green Tea Apple Litro 1L',NULL,35.00,35.00,NULL,NULL),(56,'4806501709161','Calla Detergent Bar Floral Fresh 390g',NULL,999.99,999.99,NULL,NULL),(57,'4806501709116','Calla Powder Detergent Floral Fresh 500g',NULL,999.99,999.99,NULL,NULL),(58,'4806501709109','Calla Power Detergent Floral Fresh 45g',NULL,999.99,999.99,NULL,NULL),(59,'4806501709123','Calla Power Detergent Floral Fresh Double Wash XL Pack 100g',NULL,999.99,999.99,NULL,NULL),(60,'4806501709352','Calla Power Detergent Rose Garden 45g',NULL,999.99,999.99,NULL,NULL),(61,'4806501709369','Calla Power Detergent Rose Garden Double Wash XL Pack 100g',NULL,999.99,999.99,NULL,NULL),(62,'4806501709307','Calla Power Detergent Summer Fresh 45g',NULL,999.99,999.99,NULL,NULL),(63,'4808647210099','Calumet Double-Acting Baking Powder 50g',NULL,11.00,11.00,NULL,NULL),(64,'4806507940070','Camia Cane Sugar 0.25kg',NULL,999.99,999.99,NULL,NULL),(65,'4800575883307','Carnation Evap 154mL',NULL,19.00,19.00,NULL,NULL),(66,'4800575883000','Carnation Evap 370mL',NULL,37.00,37.00,NULL,NULL),(67,'4800249908848','CDO Karne Norte Classic 150g',NULL,27.00,27.00,NULL,NULL),(68,'4800249909333','CDO Meat Loaf 150g',NULL,999.99,999.99,NULL,NULL),(69,'4800249902143','CDO Vienna Sausage 70g',NULL,19.00,19.00,NULL,NULL),(70,'748485100401','Century Tuna Flakes in Oil 155g',NULL,30.00,30.00,NULL,NULL),(71,'748485100319','Century Tuna Flakes in Oil 420g',NULL,999.99,999.99,NULL,NULL),(72,'748485102245','Century Tuna Flakes in Oil Solo Size 95g',NULL,23.00,23.00,NULL,NULL),(73,'748485100081','Century Tuna Flakes in Vegetable Oil 180g',NULL,35.00,35.00,NULL,NULL),(74,'748485100418','Century Tuna Hot and Spicy 155g',NULL,29.00,29.00,NULL,NULL),(75,'4806501705385','Champion Citrus Fresh Detergent Powder Todo Pack 80g',NULL,999.99,999.99,NULL,NULL),(76,'4806501708300','Champion Fabri-Con Blue Serenity 28mL',NULL,999.99,999.99,NULL,NULL),(77,'4806501708508','Champion Fabri-Con Infinity 28mL',NULL,999.99,999.99,NULL,NULL),(78,'4806501708201','Champion Fabri-Con Orange Bliss 28mL',NULL,999.99,999.99,NULL,NULL),(79,'4806501708102','Champion Fabri-Con Pink Fresh 28mL',NULL,999.99,999.99,NULL,NULL),(80,'4806501708218','Champion Fabri-Con Ruby Series: Celebrations 28mL',NULL,999.99,999.99,NULL,NULL),(81,'4806501703114','Champion Powder and Fabri-Con Combo Pack Infinity Dry Detergent Powder + FabriCon Infinity',NULL,999.99,999.99,NULL,NULL),(82,'4806501703107','Champion Powder and Fabri-Con Combo Pack Supra Clean Detergent Powder + FabriCon Pink Fresh',NULL,999.99,999.99,NULL,NULL),(83,'4806501705033','Champion Supra Clean Detergent Powder 500g',NULL,999.99,999.99,NULL,NULL),(84,'4806501705019','Champion Supra Clean Detergent Powder Todo Pack 80g',NULL,999.99,999.99,NULL,NULL),(85,'4806501703503','Champion Todo Tipid Pack 1 Todo Bar 145g + 1 Powder Sachet 40g',NULL,999.99,999.99,NULL,NULL),(86,'4806501707143','Champion with Fabric Conditioner Detergent Bar 390g',NULL,999.99,999.99,NULL,NULL),(87,'4806501705217','Champion with Fabric Conditioner Todo Pack 80g',NULL,999.99,999.99,NULL,NULL),(88,'4808647010026','Cheez Whiz Original 220g',NULL,999.99,999.99,NULL,NULL),(89,'7622300501525','Cheez Whiz Original Easy Squeeze Saver\'s Pack 62g',NULL,37.00,37.00,NULL,NULL),(90,'4808647010057','Cheez Whiz Pimiento 220g',NULL,79.00,79.00,NULL,NULL),(91,'7622300769406','Cheez Whiz Pimiento Easy Squeeze Saver\'s Pack 115g',NULL,39.00,39.00,NULL,NULL),(92,'4800888133687','Clear Ice Cool Menthol Anti-Dandruff Shampoo 10mL',NULL,999.99,999.99,NULL,NULL),(93,'4800888151704','Clear Men Cool Sport Menthol Anti-Dandruff Shampoo12mL',NULL,999.99,999.99,NULL,NULL),(94,'4800888147420','Closeup Deep Action Menthol Fresh Twin Pack 11g x 2\'s (22g)',NULL,999.99,999.99,NULL,NULL),(95,'8850006325320','Closeup Everfresh Gel Toothpaste Twin Pack 10g x 2\'s (20g)',NULL,999.99,999.99,NULL,NULL),(96,'4801981116645','Coca-Cola Zero/Coke Zero 1.5L',NULL,50.00,50.00,NULL,NULL),(97,'4801981117000','Coca-Cola/Coke 1.75L',NULL,62.00,62.00,NULL,NULL),(98,'8850006325216','Colgate Kool Menthol Fresh Twin Pack 11kg x 2\'s (22g)',NULL,999.99,999.99,NULL,NULL),(99,'4800888180094','Cream Silk Daily Treatment Conditioner Damage Control 10mL',NULL,999.99,999.99,NULL,NULL),(100,'4800888180162','Cream Silk Daily Treatment Conditioner Dry Rescue 10mL',NULL,999.99,999.99,NULL,NULL),(101,'4800888180087','Cream Silk Daily Treatment Conditioner Hair Fall Defense 10mL',NULL,999.99,999.99,NULL,NULL),(102,'4800888180070','Cream Silk Daily Treatment Conditioner Standout Straight 10mL',NULL,999.99,999.99,NULL,NULL),(103,'4800888139276','Cream Silk Damage Control Conditioner 11mL',NULL,999.99,999.99,NULL,NULL),(104,'4800888139313','Cream Silk Dandruff Free Conditioner 11mL',NULL,999.99,999.99,NULL,NULL),(105,'4800888180100','Cream Silk Dry Rescue Conditioner 11mL',NULL,999.99,999.99,NULL,NULL),(106,'4800888139283','Cream Silk Hairfall Defense Conditioner 11mL',NULL,999.99,999.99,NULL,NULL),(107,'4800888139306','Cream Silk Standout Straight Hair Reborn Conditioner 11mL',NULL,999.99,999.99,NULL,NULL),(108,'4800888161277','Cream Silk Stunning Shine Conditioner 11mL',NULL,999.99,999.99,NULL,NULL),(109,'4801668603659','Datu Puti Oyster Sauce 30g',NULL,5.00,5.00,NULL,NULL),(110,'4801668604533','Datu Puti Oyster Sauce 70g',NULL,999.99,999.99,NULL,NULL),(111,'4801668505038','Datu Puti Patis Flavor 350mL',NULL,999.99,999.99,NULL,NULL),(112,'4801668600542','Datu Puti Patis Flavor Budget Pack 150mL',NULL,999.99,999.99,NULL,NULL),(113,'4801668500224','Datu Puti Soy Sauce 1L',NULL,41.00,41.00,NULL,NULL),(114,'4801668602034','Datu Puti Soy Sauce 200mL',NULL,9.00,9.00,NULL,NULL),(115,'4801668500286','Datu Puti Soy Sauce 385mL',NULL,18.00,18.00,NULL,NULL),(116,'4801668600832','Datu Puti Soy Sauce Jumbo Refill 340mL',NULL,16.00,16.00,NULL,NULL),(117,'4801668603628','Datu Puti Soy Sauce Litro Saver 1L',NULL,35.00,35.00,NULL,NULL),(118,'4801668600726','Datu Puti Soy Sauce Sakto Pack 60mL',NULL,4.00,4.00,NULL,NULL),(119,'4801668604458','Datu Puti Soy Sauce Vinegar Pares Pack 60mL',NULL,6.00,6.00,NULL,NULL),(120,'4801668600825','Datu Puti Vinegar  Jumbo Refill 350mL',NULL,14.00,14.00,NULL,NULL),(121,'4801668100141','Datu Puti Vinegar 1L',NULL,999.99,999.99,NULL,NULL),(122,'4801668602027','Datu Puti Vinegar 200mL',NULL,7.00,7.00,NULL,NULL),(123,'4801668100103','Datu Puti Vinegar 350mL',NULL,15.00,15.00,NULL,NULL),(124,'4801668500293','Datu Puti Vinegar 385mL',NULL,16.00,16.00,NULL,NULL),(125,'4800047841040','Del Fabric Softener Blossom Fresh 22mL',NULL,999.99,999.99,NULL,NULL),(126,'4800047841378','Del Fabric Softener Lavender Breeze 22mL',NULL,999.99,999.99,NULL,NULL),(127,'4800047841088','Del Fabric Softener Shower Fresh 22mL',NULL,999.99,999.99,NULL,NULL),(128,'4800047847240','Del Forever Love 26mL',NULL,999.99,999.99,NULL,NULL),(129,'4800024562692','Del Monte 100% Pineapple Juice 240mL',NULL,27.00,27.00,NULL,NULL),(130,'4800024576880','Del Monte 100% Pineapple Juice Bone Smart 240mL',NULL,27.00,27.00,NULL,NULL),(131,'4800024562616','Del Monte 100% Pineapple Juice Fiber-Enriched 240mL',NULL,27.00,27.00,NULL,NULL),(132,'4800024015976','Del Monte Chunks Pineapple 432g',NULL,999.99,999.99,NULL,NULL),(133,'4800024123152','Del Monte Fiesta Fruit Cocktail 432g',NULL,999.99,999.99,NULL,NULL),(134,'4800024550194','Del Monte Mango Juice 240mL',NULL,999.99,999.99,NULL,NULL),(135,'4800024570611','Del Monte Pineapple Tidbits 115g',NULL,13.00,13.00,NULL,NULL),(136,'4800024574343','Del Monte Pineapple Tidbits 200g',NULL,24.00,24.00,NULL,NULL),(137,'4800024570734','Del Monte Quick n Easy Gata Mix 40g',NULL,25.00,25.00,NULL,NULL),(138,'4800024012326','Del Monte Slices Pineapple 227g',NULL,999.99,999.99,NULL,NULL),(139,'4800024012302','Del Monte Slices Pineapple 822g',NULL,999.99,999.99,NULL,NULL),(140,'4800024558701','Del Monte Sweet Chili Sauce 325g',NULL,34.00,34.00,NULL,NULL),(141,'4800024550941','Del Monte Sweetened Orange Juice 240mL',NULL,27.00,27.00,NULL,NULL),(142,'4800024550927','Del Monte Sweetened Pineapple Juice 240mL',NULL,27.00,27.00,NULL,NULL),(143,'4800024575449','Del Monte Tomato Sauce Filipino Style 1kg',NULL,68.00,68.00,NULL,NULL),(144,'4800024575425','Del Monte Tomato Sauce Filipino Style 200g',NULL,18.00,18.00,NULL,NULL),(145,'4800024575494','Del Monte Tomato Sauce Filipino Style 560g',NULL,52.00,52.00,NULL,NULL),(146,'4800024575395','Del Monte Tomato Sauce Filipino Style 90g',NULL,999.99,999.99,NULL,NULL),(147,'4800024555489','Del Monte Tomato Sauce Original Style 115g',NULL,16.00,16.00,NULL,NULL),(148,'4800024556165','Del Monte Tomato Sauce Original Style 1kg',NULL,76.00,76.00,NULL,NULL),(149,'4800024555496','Del Monte Tomato Sauce Original Style 200g',NULL,20.00,20.00,NULL,NULL),(150,'4806500472134','Delicious Pancit Canton 400g',NULL,999.99,999.99,NULL,NULL),(151,'9557727929202','Doreen Sweetened Condensed Creamer 390g',NULL,999.99,999.99,NULL,NULL),(152,'4800888179593','Dove Damage Solutions Hair Fall Rescue Shampoo 10mL',NULL,999.99,999.99,NULL,NULL),(153,'4800888154262','Dove Intense Repair Shampoo 10mL',NULL,999.99,999.99,NULL,NULL),(154,'4800888154415','Dove Nourishing Oil Care Conditioner 10mL',NULL,999.99,999.99,NULL,NULL),(155,'4800888190185','Dove Oxygen & Nourishment Shampoo 10mL',NULL,999.99,999.99,NULL,NULL),(156,'4902430344876','Downy Antibac 27mL',NULL,999.99,999.99,NULL,NULL),(157,'4902430729901','Downy Passion 20mL',NULL,999.99,999.99,NULL,NULL),(158,'8851717200014','Dutch Mill Grape 90mL',NULL,10.00,10.00,NULL,NULL),(159,'8851717200045','Dutch Mill Mixed Fruits 90mL',NULL,10.00,10.00,NULL,NULL),(160,'8851717200038','Dutch Mill Orange 90mL',NULL,10.00,10.00,NULL,NULL),(161,'8851717200007','Dutch Mill Strawberry 90mL',NULL,10.00,10.00,NULL,NULL),(162,'8853002303110','Dutch Mill Superfruits Mixed Berries 90mL',NULL,10.00,10.00,NULL,NULL),(163,'7622210278371','Eden Mayo with Cream Cheese 220mL',NULL,88.00,88.00,NULL,NULL),(164,'7622210278234','Eden Mayo with Cream Cheese 80mL',NULL,999.99,999.99,NULL,NULL),(165,'4808647020094','Eden Original 165g',NULL,999.99,999.99,NULL,NULL),(166,'4808647020100','Eden Original 440g',NULL,999.99,999.99,NULL,NULL),(167,'4800142110102','Emperador Brandy Light 1L',NULL,120.00,120.00,NULL,NULL),(168,'4800142110089','Emperador Brandy Light 750mL',NULL,90.00,90.00,NULL,NULL),(169,'8996001440049','Energen Chocolate 30g',NULL,8.00,8.00,NULL,NULL),(170,'8996001603154','Energen Sweet Corn 25g',NULL,8.00,8.00,NULL,NULL),(171,'8996001440124','Energen Vanilla 30g',NULL,999.99,999.99,NULL,NULL),(172,'8993175538145','Enerlife Richeese Cheese Wafer 52g',NULL,11.00,11.00,NULL,NULL),(173,'8993175539241','Enerlife Richoco Chocolate Wafer 52g',NULL,11.00,11.00,NULL,NULL),(174,'8993175540438','Enerlife Richoco White Milk Vanilla Cream Wafer 52g',NULL,11.00,11.00,NULL,NULL),(175,'4809014563923','Erika Cooking Oil 1.5L',NULL,87.00,87.00,NULL,NULL),(176,'8850298205005','Erwan Brand Glutinous Rice Flour 500g',NULL,999.99,999.99,NULL,NULL),(177,'8888200606763','F&N Daisy Sweeteened Condensed Creamer 390g',NULL,34.00,34.00,NULL,NULL),(178,'4806011900065','Fidel Iodized Salt 250g',NULL,7.00,7.00,NULL,NULL),(179,'4806011900058','Fidel Iodized Salt 500g',NULL,999.99,999.99,NULL,NULL),(180,'766966325563','Fiesta Coconut Milk Powder 50g',NULL,31.00,31.00,NULL,NULL),(181,'4800110060729','Fiesta Spaghetti 450g',NULL,999.99,999.99,NULL,NULL),(182,'4800110033402','Fiesta Spaghetti 900g',NULL,999.99,999.99,NULL,NULL),(183,'4800110098470','Fiesta Sweet Plus Parmesan Cheese Spaghetti Sauce 500g',NULL,999.99,999.99,NULL,NULL),(184,'4800110061009','Fiesta Sweet SpaghetTipid 2in1 350g Spaghetti + 500g Sauce',NULL,999.99,999.99,NULL,NULL),(185,'4800110069000','Fiesta Sweet SpaghetTipid 2in1 800kg Spaghetti + 1kg Sauce',NULL,999.99,999.99,NULL,NULL),(186,'8850006494417','Gard Anti-Dandruff Shampoo with Conditioner Active Clean 14mL',NULL,999.99,999.99,NULL,NULL),(187,'4800130100016','Ginebra San Miguel Gin 700mL',NULL,81.00,81.00,NULL,NULL),(188,'4800130100023','Ginebra San Miguel Gin Round 350mL',NULL,42.00,42.00,NULL,NULL),(189,'4800130010063','Ginebra San Miguel Premium Gin 750mL',NULL,135.00,135.00,NULL,NULL),(190,'4806014001196','Good Life Japanese Style Bread Crumbs 230g',NULL,32.00,32.00,NULL,NULL),(191,'4806014092835','Good Life Japanese Style Bread Crumbs 80g',NULL,15.00,15.00,NULL,NULL),(192,'4800016138522','Granny Goose Tortillos Barbecue 160g',NULL,30.00,30.00,NULL,NULL),(193,'4800016138546','Granny Goose Tortillos Cheese 100g',NULL,22.00,22.00,NULL,NULL),(194,'4800016138584','Granny Goose Tortillos Chili 160g',NULL,30.00,30.00,NULL,NULL),(195,'4800010009767','Great Taste Granules 25g',NULL,20.00,20.00,NULL,NULL),(196,'4800010012033','Great Taste Granules 50g',NULL,38.00,38.00,NULL,NULL),(197,'4800016021169','Great Taste Original 3-in-1 Twin Pack 33g',NULL,10.00,10.00,NULL,NULL),(198,'4800016012280','Great Taste Premium 100g',NULL,75.00,75.00,NULL,NULL),(199,'4800016012266','Great Taste Premium 25g',NULL,20.00,20.00,NULL,NULL),(200,'4800016021497','Great Taste White 3-in-1 Twin Pack 50g',NULL,10.00,10.00,NULL,NULL),(201,'4800016021800','Great Taste White Smooth and Chocolatey Twin Pack 50g',NULL,10.00,10.00,NULL,NULL),(202,'4800130508805','GSM/Ginebra San Miguel Blue Brown Coffee 700mL',NULL,999.99,999.99,NULL,NULL),(203,'4800130728128','GSM/Ginebra San Miguel Blue Mojito 700mL',NULL,999.99,999.99,NULL,NULL),(204,'4806525283081','Hana Soft & Smooth Shampoo Pink Roses & Berries 14mL',NULL,999.99,999.99,NULL,NULL),(205,'4806525283005','Hana Soft & Smooth Shampoo Spring Flowers & Apples 14mL',NULL,999.99,999.99,NULL,NULL),(206,'4809010995377','Hapimi Misua 50g',NULL,10.00,10.00,NULL,NULL),(207,'4800034601664','Happee Explosive Menthol Red 30g',NULL,999.99,999.99,NULL,NULL),(208,'4800034601671','Happee Fresh Green Outburst 30g',NULL,999.99,999.99,NULL,NULL),(209,'4800034601794','Happee Outrageous Blue Chill 30g',NULL,999.99,999.99,NULL,NULL),(210,'4806525028866','HD Keratin Shampoo 20mL',NULL,999.99,999.99,NULL,NULL),(211,'4806525028972','Hdirector Keratin + Argan Oil 20mL',NULL,999.99,999.99,NULL,NULL),(212,'4902430726993','Head & Shoulders Apple Fresh Shampoo 12mL',NULL,999.99,999.99,NULL,NULL),(213,'4902430333597','Head & Shoulders Cool Menthol Shampoo 12mL',NULL,999.99,999.99,NULL,NULL),(214,'4902430522809','Head & Shoulders Men Cool Blast Shampoo 12mL',NULL,999.99,999.99,NULL,NULL),(215,'4902430698658','Head & Shoulders Smooth & Silky Shampoo 12mL',NULL,999.99,999.99,NULL,NULL),(216,'4800158987033','Hekkaido Mackerel in Natural Oil Salt Added 155g',NULL,24.00,24.00,NULL,NULL),(217,'4800249011319','Highlands Classic Corned Beef 150g',NULL,45.00,45.00,NULL,NULL),(218,'4806022900092','Ho-Mi Hot Instant Mami Noodles Beef 55g',NULL,9.00,9.00,NULL,NULL),(219,'4800110025995','Ho-Mi Hot Instant Mami Noodles Chicken 55g',NULL,9.00,9.00,NULL,NULL),(220,'4800110026930','Ho-Mi Instant Beef Noodles 40g',NULL,999.99,999.99,NULL,NULL),(221,'4800110026497','Ho-Mi Instant Beef Noodles 55g',NULL,9.00,9.00,NULL,NULL),(222,'4800110026923','Ho-Mi Instant Chicken Mami Noodles 40g',NULL,999.99,999.99,NULL,NULL),(223,'4800110026848','Ho-Mi Instant Pancit Canton Chili 60g',NULL,11.00,11.00,NULL,NULL),(224,'4800110026886','Ho-Mi Instant Pancit Canton Classic 60g',NULL,11.00,11.00,NULL,NULL),(225,'4800110026909','Ho-Mi Instant Pancit Canton ToyoMansi 60g',NULL,11.00,11.00,NULL,NULL),(226,'4800016110597','Jack n\' Jill Chicharron ni Mang Juan Spicy Sisig 90g',NULL,18.00,18.00,NULL,NULL),(227,'4800016110511','Jack n\' Jill Chicharron ni Mang Juan Sukang Paombong 90g',NULL,18.00,18.00,NULL,NULL),(228,'4800016635069','Jack n\' Jill Chiz Crispers 60g',NULL,17.00,17.00,NULL,NULL),(229,'4800016105098','Jack n\' Jill Chiz Curls 55g',NULL,18.00,18.00,NULL,NULL),(230,'4800016082979','Jack n\' Jill Magic Chips Barbecue 28g',NULL,7.00,7.00,NULL,NULL),(231,'4800016082962','Jack n\' Jill Magic Chips Cheese 28g',NULL,7.00,7.00,NULL,NULL),(232,'4800016671500','Jack n\' Jill Piattos Sour Cream & Onion 85g',NULL,27.00,27.00,NULL,NULL),(233,'4800016635250','Jack n\' Jill Pic-A BBQ Overload 90g',NULL,27.00,27.00,NULL,NULL),(234,'4800016635243','Jack n\' Jill Pic-A Ultimate Cheddar 90g',NULL,999.99,999.99,NULL,NULL),(235,'4800016661099','Jack n\' Jill Roller Coaster Cheddar Cheese 85g',NULL,20.00,20.00,NULL,NULL),(236,'4800016612022','Jack n\' Jill Taquitos Hickory Barbecue 27g',NULL,7.00,7.00,NULL,NULL),(237,'9555513203017','Jersey Evaporada 380g (370mL)',NULL,24.00,24.00,NULL,NULL),(238,'4806516762441','Jersey Sweetened Condensed Creamer Buko Pandan 390g',NULL,35.00,35.00,NULL,NULL),(239,'4806516762427','Jersey Sweetened Condensed Creamer Chocolate 390g',NULL,35.00,35.00,NULL,NULL),(240,'4806516762632','Jersey Sweetened Condensed Creamer Ube 390g',NULL,35.00,35.00,NULL,NULL),(241,'4806516761888','Jersey Sweetened Condensed Filled Milk 390g',NULL,29.00,29.00,NULL,NULL),(242,'4800060255008','Joy Bathroom Tissue Hi-Save',NULL,999.99,999.99,NULL,NULL),(243,'4902430389532','Joy Kalamansi 45mL',NULL,999.99,999.99,NULL,NULL),(244,'4902430688079','Joy Lavender & Lemon 45mL',NULL,999.99,999.99,NULL,NULL),(245,'4902430389563','Joy Lemon 45mL',NULL,999.99,999.99,NULL,NULL),(246,'4902430389556','Joy with Safeguard Antibac 40mL',NULL,999.99,999.99,NULL,NULL),(247,'4800129181019','Khong Guan Choco Iced Gem Biscuits 30g',NULL,7.00,7.00,NULL,NULL),(248,'4800129181002','Khong Guan Iced Gem Biscuits 30g',NULL,7.00,7.00,NULL,NULL),(249,'4800237888817','King Chatlet Choco-Peanut 24\'s (288g)',NULL,24.00,24.00,NULL,NULL),(250,'4809014563794','King Wa Pangasinan Boneless Bagoong 320mL',NULL,15.00,15.00,NULL,NULL),(251,'4809014563732','King Wa Peanut Butter Creamy 17.6oz',NULL,999.99,999.99,NULL,NULL),(252,'4800888600998','Knorr Beef Broth Cubes 60g',NULL,999.99,999.99,NULL,NULL),(253,'4800888601018','Knorr Chicken Broth Cubes 20g',NULL,14.00,14.00,NULL,NULL),(254,'4800888601025','Knorr Chicken Broth Cubes 60g',NULL,29.00,29.00,NULL,NULL),(255,'4808680211251','Knorr Crab & Corn 40g',NULL,42.00,42.00,NULL,NULL),(256,'4808680210957','Knorr Crab & Corn 60g',NULL,52.00,52.00,NULL,NULL),(257,'4800888603371','Knorr Ginataang Gulay Mix 33g',NULL,999.99,999.99,NULL,NULL),(258,'4800888603364','Knorr Ginataang Gulay Mix 45g',NULL,999.99,999.99,NULL,NULL),(259,'4800888601063','Knorr Pork Broth Cubes 20g',NULL,999.99,999.99,NULL,NULL),(260,'4800888601070','Knorr Pork Broth Cubes 60g',NULL,29.00,29.00,NULL,NULL),(261,'4800888601100','Knorr Shrimp Broth Cubes 60g',NULL,35.00,35.00,NULL,NULL),(262,'4808680652146','Knorr Sinigang na May Gabi Recipe Mix 22g',NULL,13.00,13.00,NULL,NULL),(263,'4800888603692','Knorr Sinigang sa Sampalok Mix Original 10g',NULL,6.00,6.00,NULL,NULL),(264,'4800888600790','Knorr Sinigang sa Sampalok Mix Original 20g',NULL,12.00,12.00,NULL,NULL),(265,'4806500670073','Komeya 3Q Bihon 454g',NULL,999.99,999.99,NULL,NULL),(266,'8998666001702','Kopiko Black 3 in One Twin Pack 25g x 2 (50g)',NULL,10.00,10.00,NULL,NULL),(267,'8998666001726','Kopiko Blanca Twin Pack 52g',NULL,11.00,11.00,NULL,NULL),(268,'8998666001719','Kopiko Brown Coffee Twin Pack 27.5g x 2 (55g)',NULL,11.00,11.00,NULL,NULL),(269,'4800575425026','Krem-Top Coffee Creamer 170g',NULL,999.99,999.99,NULL,NULL),(270,'4800575425019','Krem-Top Coffee Creamer 80g',NULL,19.00,19.00,NULL,NULL),(271,'4808680022314','Lady\'s Choice Bacon Spread 220mL',NULL,97.00,97.00,NULL,NULL),(272,'4808680022031','Lady\'s Choice Chicken Spread 220mL',NULL,97.00,97.00,NULL,NULL),(273,'4808680653174','Lady\'s Choice Creamy Peanut Butter 170g',NULL,65.00,65.00,NULL,NULL),(274,'4808680653266','Lady\'s Choice Creamy Peanut Butter 340g',NULL,126.00,126.00,NULL,NULL),(275,'4808680027159','Lady\'s Choice Ham Spread 220mL',NULL,87.00,87.00,NULL,NULL),(276,'4800888602268','Lady\'s Choice Real Mayonnaise 220mL',NULL,75.00,75.00,NULL,NULL),(277,'4808680021355','Lady\'s Choice Real Mayonnaise 80mL',NULL,30.00,30.00,NULL,NULL),(278,'4800888602275','Lady\'s Choice Sandwich Spread 220mL',NULL,87.00,87.00,NULL,NULL),(279,'4808680653273','Lady\'s Choice Super Chunky Peanut Spread 340g',NULL,999.99,999.99,NULL,NULL),(280,'4808680653204','Lady\'s Choice Sweet & Creamy Peanut Spread 170g',NULL,65.00,65.00,NULL,NULL),(281,'4800449556252','La-La Fish Crackers 30g',NULL,7.00,7.00,NULL,NULL),(282,'4800449555521','La-La Fish Crackers 50g',NULL,13.00,13.00,NULL,NULL),(283,'4800449556450','La-La Fish Crackers Salt & Vinegar 100g',NULL,22.00,22.00,NULL,NULL),(284,'4804888168700','Lasap Chicken Gravy Mix 30g',NULL,15.00,15.00,NULL,NULL),(285,'4804888168991','Lasap Instant Gata Mix 40g',NULL,25.00,25.00,NULL,NULL),(286,'8996001600269','Le Minerale 600mL',NULL,15.00,15.00,NULL,NULL),(287,'4800216121058','Leslie\'s Cheezy Corn Crunch 70g',NULL,19.00,19.00,NULL,NULL),(288,'4800216110069','Leslie\'s Clover Chips 60g',NULL,999.99,999.99,NULL,NULL),(289,'4800216110014','Leslie\'s Clover Chips 95g',NULL,999.99,999.99,NULL,NULL),(290,'4800163022255','Ligo Premium Mackerel in Tomato Sauce 425g',NULL,999.99,999.99,NULL,NULL),(291,'4800163022262','Ligo Premium Mackerel in Tomato Sauce Chili Added 425g',NULL,999.99,999.99,NULL,NULL),(292,'4800163443043','Ligo Sardines in Tomato Sauce 155g',NULL,17.00,17.00,NULL,NULL),(293,'4800163000536','Ligo Sardines in Tomato Sauce 425g',NULL,999.99,999.99,NULL,NULL),(294,'4800163000543','Ligo Sardines in Tomato Sauce Chili Added 425g',NULL,999.99,999.99,NULL,NULL),(295,'4807770273094','Lucky Me! Instant Mami Spareribs Beef 50g',NULL,999.99,999.99,NULL,NULL),(296,'4807770273698','Lucky Me! Instant Pancit Canton Chilimansi 80g',NULL,12.00,12.00,NULL,NULL),(297,'4807770273681','Lucky Me! Instant Pancit Canton Extra Hot Chili 80g',NULL,12.00,12.00,NULL,NULL),(298,'4807770273704','Lucky Me! Instant Pancit Canton Original 80g',NULL,12.00,12.00,NULL,NULL),(299,'4807770273711','Lucky Me! Instant Pancit Canton Sweet & Spicy 80g',NULL,12.00,12.00,NULL,NULL),(300,'4807770270017','Lucky Me! Mami Beef na Beef 55g',NULL,9.00,9.00,NULL,NULL),(301,'4807770270024','Lucky Me! Mami Chicken na Chicken 55g',NULL,9.00,9.00,NULL,NULL),(302,'4807770270116','Lucky Me! Mami Itnok Chicken with Egg 55g',NULL,9.00,9.00,NULL,NULL),(303,'4809012699761','Luisito Refined Sugar 225g',NULL,999.99,999.99,NULL,NULL),(304,'4805358324152','Magnolia Cheezee Spread Cheddar Twin Pack 30g',NULL,10.00,10.00,NULL,NULL),(305,'4805358327023','Magnolia Cheezee Spread Pimiento 120g',NULL,48.00,48.00,NULL,NULL),(306,'4805358651050','Magnolia Original All-Purpose Cream 250mL',NULL,55.00,55.00,NULL,NULL),(307,'4805358202016','Magnolia Star Margarine Chocolate 100g',NULL,32.00,32.00,NULL,NULL),(308,'48036214','Magnolia Star Margarine Classic 100g',NULL,32.00,32.00,NULL,NULL),(309,'4805358245051','Magnolia Star Margarine Classic 250g',NULL,68.00,68.00,NULL,NULL),(310,'4805358201019','Magnolia Star Margarine Garlic 100g',NULL,32.00,32.00,NULL,NULL),(311,'4805358203013','Magnolia Star Margarine Vanilla 100g',NULL,32.00,32.00,NULL,NULL),(312,'6902131110181','MaLing 170g',NULL,999.99,999.99,NULL,NULL),(313,'6902131110037','MaLing 397g',NULL,999.99,999.99,NULL,NULL),(314,'25407803603','Mama Sita\'s Caldereta Spicy Sauce Mix 57g',NULL,30.00,30.00,NULL,NULL),(315,'25407803313','Mama Sita\'s Kare-Kare Peanut Sauce Mix 57g',NULL,27.00,27.00,NULL,NULL),(316,'25407805201','Mama Sita\'s Menudo/Afritada Meat Stew Mix 57g',NULL,25.00,25.00,NULL,NULL),(317,'4804888804233','Mama Sita\'s Oyster Sauce 156g',NULL,44.00,44.00,NULL,NULL),(318,'25407806680','Mama Sita\'s Palabok Oriental Gravy Mix 57g',NULL,30.00,30.00,NULL,NULL),(319,'4809012432306','Mang Esting CLC Palm Oil 350mL',NULL,22.00,22.00,NULL,NULL),(320,'4809012432351','Mang Esting CLC Palm Oil 750mL',NULL,999.99,999.99,NULL,NULL),(321,'4809012432139','Mang Esting CLC Sukang Paombong 350mL',NULL,8.00,8.00,NULL,NULL),(322,'4809012432146','Mang Esting CLC Sukang Paombong 750mL',NULL,17.00,17.00,NULL,NULL),(323,'4801668100264','Mang Tomas All-Around Sarsa 325g',NULL,29.00,29.00,NULL,NULL),(324,'4801668100271','Mang Tomas All-Around Sarsa 550g',NULL,41.00,41.00,NULL,NULL),(325,'4801668100288','Mang Tomas Siga Hot & Spicy All-Around Sarsa 325g',NULL,32.00,32.00,NULL,NULL),(326,'4800134200231','Master Mackerel Salmon Style in Natural Oil 155g',NULL,999.99,999.99,NULL,NULL),(327,'4800134101026','Master Sardines in Tomato Sauce 155g',NULL,999.99,999.99,NULL,NULL),(328,'4800134103020','Master Sardines in Tomato Sauce 425g',NULL,999.99,999.99,NULL,NULL),(329,'4800134103037','Master Sardines in Tomato Sauce with Chili 425g',NULL,999.99,999.99,NULL,NULL),(330,'4800134101040','Master Sardines Salmon Style in Natural Oil 155g',NULL,18.00,18.00,NULL,NULL),(331,'52100056432','McCormick Iodized Salt 150g',NULL,12.00,12.00,NULL,NULL),(332,'52100089508','McCormick Iodized Salt 500g',NULL,25.00,25.00,NULL,NULL),(333,'4800523442945','MexiCorn Corn Chips Barbecue 25g',NULL,6.00,6.00,NULL,NULL),(334,'4800523443225','MexiCorn Corn Chips Chili & Garlic 25g',NULL,6.00,6.00,NULL,NULL),(335,'4800523220802','Moby Caramel Puffs 25g',NULL,6.00,6.00,NULL,NULL),(336,'4800523443263','Moby Choco Chum White Choco 32g',NULL,999.99,999.99,NULL,NULL),(337,'4800523220284','Moby Crunch Chocolate 25g',NULL,6.00,6.00,NULL,NULL),(338,'4800523223810','Moby Crunch Chocolate 90g',NULL,18.00,18.00,NULL,NULL),(339,'4803925280085','Mountain Dew 300mL',NULL,14.00,14.00,NULL,NULL),(340,'4800049716155','Nature\'s Spring Apple Flavored Water 220mL',NULL,12.00,12.00,NULL,NULL),(341,'4800049715608','Nature\'s Spring Distilled Drinking Water 6L + .6L',NULL,75.00,75.00,NULL,NULL),(342,'4800049716162','Nature\'s Spring Grape Flavored Water 220mL',NULL,12.00,12.00,NULL,NULL),(343,'3200001470049','NE Refined Sugar 0.25kg',NULL,999.99,999.99,NULL,NULL),(344,'4780083','NE Refined Sugar 1kg',NULL,999.99,999.99,NULL,NULL),(345,'4800361399937','Nescafe Brown n\' Creamy 3in1 Twin Pack 20g x 2 (40g)',NULL,10.00,10.00,NULL,NULL),(346,'4800361393669','Nescafe Classic 200g',NULL,145.00,145.00,NULL,NULL),(347,'4800361339186','Nescafe Classic 25g + 5g',NULL,21.00,21.00,NULL,NULL),(348,'4800361393645','Nescafe Classic 50g',NULL,40.00,40.00,NULL,NULL),(349,'4800361375146','Nescafe Classic Decaf 20g',NULL,999.99,999.99,NULL,NULL),(350,'4800361393768','Nescafe Classic Decaf 40g',NULL,45.00,45.00,NULL,NULL),(351,'4800361390804','Nestle Coffee Mate 170g (or +30g)',NULL,38.00,38.00,NULL,NULL),(352,'4800361393232','Nestle Coffee Mate 250g (or +40g)',NULL,55.00,55.00,NULL,NULL),(353,'8850124006585','Nestle Coffee Mate 80g',NULL,20.00,20.00,NULL,NULL),(354,'4800361393096','Nescafe Creamy White 29g',NULL,8.00,8.00,NULL,NULL),(355,'4800361398046','Nescafe Creamy White 3-in-1 Twin Pack 25g x 2 (50g)',NULL,10.00,10.00,NULL,NULL),(356,'4800361399951','Nescafe Original 3in1 Twin Pack 17g x 2 (34g)',NULL,10.00,10.00,NULL,NULL),(357,'4800014536665','Nestea Lemon Tea 500mL',NULL,25.00,25.00,NULL,NULL),(358,'4800361061322','Nestle All Purpose Cream 250mL',NULL,999.99,999.99,NULL,NULL),(359,'4800361393782','Nestle Bear Brand Choco Milk 150g',NULL,53.00,53.00,NULL,NULL),(360,'4800361393805','Nestle Bear Brand Choco Milk 29g',NULL,999.99,999.99,NULL,NULL),(361,'4800361393492','Nestle Bear Brand Choco Milk 300g',NULL,101.00,101.00,NULL,NULL),(362,'4800361381086','Nestle Bear Brand Powdered Milk Drink 150g',NULL,51.00,51.00,NULL,NULL),(363,'4800361388757','Nestle Bear Brand Powdered Milk Drink 320g',NULL,107.00,107.00,NULL,NULL),(364,'4800361388771','Nestle Bear Brand Powdered Milk Drink 700g',NULL,225.00,225.00,NULL,NULL),(365,'4800361394093','Nestle Bear Brand Sterilized Full Cream Milk 140mL',NULL,999.99,999.99,NULL,NULL),(366,'4800361331500','Nestle Bear Brand Sterilized Full Cream Milk 200mL',NULL,26.00,26.00,NULL,NULL),(367,'4800361397582','Nestle Bear Brand Twin Swak 33g x 2 (66g)',NULL,25.00,25.00,NULL,NULL),(368,'7891000120101','Nestle Cream 300g',NULL,70.00,70.00,NULL,NULL),(369,'4800361381222','Nestle Milo 220g',NULL,55.00,55.00,NULL,NULL),(370,'4800361381208','Nestle Milo 80g',NULL,21.00,21.00,NULL,NULL),(371,'4800361381246','Nestle Milo Saver\'s Pack 300g',NULL,74.00,74.00,NULL,NULL),(372,'4800361396714','Nestle Milo Tonic Food Drink 110mL',NULL,14.00,14.00,NULL,NULL),(373,'4800361362139','Nestle Milo Tonic Food Drink 180mL',NULL,22.00,22.00,NULL,NULL),(374,'4809015378076','Nextkin Hair Care Hair Spa 20g',NULL,999.99,999.99,NULL,NULL),(375,'4807770122323','Nissin Butter Coconut Bites 30g',NULL,9.00,9.00,NULL,NULL),(376,'4800016552137','Nissin Cup Noodles Batchoy 40g',NULL,17.00,17.00,NULL,NULL),(377,'4800016552106','Nissin Cup Noodles Beef 40g',NULL,17.00,17.00,NULL,NULL),(378,'4800016552021','Nissin Cup Noodles Beef 60g',NULL,999.99,999.99,NULL,NULL),(379,'4800016552120','Nissin Cup Noodles Chicken 40g',NULL,17.00,17.00,NULL,NULL),(380,'4800016552045','Nissin Cup Noodles Chicken 60g',NULL,999.99,999.99,NULL,NULL),(381,'4800016552113','Nissin Cup Noodles Seafood 40g',NULL,17.00,17.00,NULL,NULL),(382,'4800016552038','Nissin Cup Noodles Seafood 60g',NULL,999.99,999.99,NULL,NULL),(383,'4800016551857','Nissin Cup Noodles Spicy Seafood 40g',NULL,999.99,999.99,NULL,NULL),(384,'4800016551574','Nissin Ramen Instant Noodles Chicken 59g',NULL,11.00,11.00,NULL,NULL),(385,'4800016551598','Nissin Ramen Instant Noodles Seafood 59g',NULL,11.00,11.00,NULL,NULL),(386,'4800016560910','Nissin Ramen Instant Noodles Spicy Seafood 59g',NULL,11.00,11.00,NULL,NULL),(387,'4800016665974','Nova Jalapeno Spice 40g',NULL,13.00,13.00,NULL,NULL),(388,'4800523222103','Nutri Snack Cheez-It Cheese & Ham 25g',NULL,6.00,6.00,NULL,NULL),(389,'4899523220079','Nutri Snack Cheez-It Cheese 25g',NULL,6.00,6.00,NULL,NULL),(390,'4800523444161','Nutri Snack Nutri Star Cheese 23g',NULL,6.00,6.00,NULL,NULL),(391,'4800523224138','Nutri Snack Nutri Star Chicken BBQ 60g',NULL,12.00,12.00,NULL,NULL),(392,'4800523224176','Nutri Snack PeeWee Pizza Supreme 90g',NULL,18.00,18.00,NULL,NULL),(393,'4800194105972','Oishi Caramel Popcorn 60g',NULL,13.00,13.00,NULL,NULL),(394,'4800194104128','Oishi Cheez on Chips 22g',NULL,6.00,6.00,NULL,NULL),(395,'4800194116114','Oishi Corn Ole Barbecue 22g',NULL,6.00,6.00,NULL,NULL),(396,'4800194104869','Oishi Crispy Patata Baked Potato 24g',NULL,6.00,6.00,NULL,NULL),(397,'4800194177863','Oishi Crispy Patata Baked Potato 90g',NULL,18.00,18.00,NULL,NULL),(398,'4891208040167','Oishi Kirei 20g',NULL,6.00,6.00,NULL,NULL),(399,'4891208040150','Oishi Kirei 45g',NULL,13.00,13.00,NULL,NULL),(400,'4800194177092','Oishi Kirei 60g',NULL,18.00,18.00,NULL,NULL),(401,'4800194152839','Oishi Marty\'s Cracklin\' Chicken Inasal 26g',NULL,6.00,6.00,NULL,NULL),(402,'4800194179836','Oishi Marty\'s Cracklin\' Chicken Inasal 90g',NULL,18.00,18.00,NULL,NULL),(403,'4800194152884','Oishi Marty\'s Cracklin\' Plain Salted 26g',NULL,6.00,6.00,NULL,NULL),(404,'4800194152907','Oishi Marty\'s Cracklin\' Salt & Vinegar 26g',NULL,6.00,6.00,NULL,NULL),(405,'4800194179904','Oishi Marty\'s Cracklin\' Salt & Vinegar 90g',NULL,18.00,18.00,NULL,NULL),(406,'4800194152891','Oishi Marty\'s Cracklin\' Spicy Vinegar 26g',NULL,6.00,6.00,NULL,NULL),(407,'4800194118989','Oishi Oheya! Barbecue 20g',NULL,6.00,6.00,NULL,NULL),(408,'4800194118972','Oishi Oheya! French Onion 20g',NULL,6.00,6.00,NULL,NULL),(409,'4800194101509','Oishi Potato Crisps Beef n\' Chili 18g',NULL,6.00,6.00,NULL,NULL),(410,'4800194101585','Oishi Potato Crisps Creamy Garlic 18g',NULL,6.00,6.00,NULL,NULL),(411,'4800194101516','Oishi Potato Crisps Tomato Ketchup 18g',NULL,6.00,6.00,NULL,NULL),(412,'4800194106696','Oishi Potato Fries Barbecue 50g',NULL,13.00,13.00,NULL,NULL),(413,'4891208040143','Oishi Prawn Crackers 24g',NULL,6.00,6.00,NULL,NULL),(414,'4891208040136','Oishi Prawn Crackers 60g',NULL,13.00,13.00,NULL,NULL),(415,'4800194104968','Oishi Prawn Crackers Spicy 24g',NULL,6.00,6.00,NULL,NULL),(416,'4800194105965','Oishi Prawn Crackers Spicy 60g',NULL,13.00,13.00,NULL,NULL),(417,'4800194101134','Oishi Ribbed Cracklings Salt & Vinegar 50g',NULL,13.00,13.00,NULL,NULL),(418,'4800194117203','Oishi Shoestring Potatoes Chili Ketchup 20g',NULL,6.00,6.00,NULL,NULL),(419,'4800194117180','Oishi Shoestring Potatoes Plain Salted 20g',NULL,6.00,6.00,NULL,NULL),(420,'4800194116169','Oishi Spicy Seafood Curls 24g',NULL,6.00,6.00,NULL,NULL),(421,'49024303490','Oral-B Shiny Clean',NULL,999.99,999.99,NULL,NULL),(422,'6958225700073','Pacquiao Playing Cards',NULL,999.99,999.99,NULL,NULL),(423,'8850006481806','Palmolive  Brilliant Shine Cream Conditioner 12mL',NULL,999.99,999.99,NULL,NULL),(424,'8850006494912','Palmolive 2 Shampoo + 1 Conditioner Aloe Vera & Fruit Vitamins 12mL + 10mL',NULL,999.99,999.99,NULL,NULL),(425,'8850006494905','Palmolive 2 Shampoo + 1 Conditioner Coco Cream & Milk Protein 12mL + 10mL',NULL,999.99,999.99,NULL,NULL),(426,'8850006494929','Palmolive 2 Shampoo + 1 Conditioner Virgin Coconut Oil & Soy Protein 12mL + 10mL',NULL,999.99,999.99,NULL,NULL),(427,'8850006493748','Palmolive Anti-Hair Fall Cream Conditioner 12mL',NULL,999.99,999.99,NULL,NULL),(428,'8850006493731','Palmolive Anti-Hair Fall Shampoo & Conditioner 13mL',NULL,999.99,999.99,NULL,NULL),(429,'8850006491812','Palmolive Complete Repair Cream Conditioner 12mL',NULL,999.99,999.99,NULL,NULL),(430,'8850006491195','Palmolive Fashion Girl Shampoo & Conditioner Straight & Sparkle 13mL',NULL,999.99,999.99,NULL,NULL),(431,'8850006491775','Palmolive Healthy & Smooth Cream Conditioner 12mL',NULL,999.99,999.99,NULL,NULL),(432,'8850006491102','Palmolive Healthy & Smooth Shampoo & Conditioner 13mL',NULL,999.99,999.99,NULL,NULL),(433,'8850006491782','Palmolive Intensive Moisture Cream Conditioner 12mL',NULL,999.99,999.99,NULL,NULL),(434,'8850006494431','Palmolive Men Anti-Dandruff + Scalp Cooling Shampoo & Conditioner 10mL',NULL,999.99,999.99,NULL,NULL),(435,'8850006491799','Palmolive Silky Straight Cream Conditioner  12mL',NULL,999.99,999.99,NULL,NULL),(436,'4902430634014','Pantene 3 Minute Miracle Conditioner Hair Fall Control 10mL',NULL,999.99,999.99,NULL,NULL),(437,'4902430634007','Pantene 3 Minute Miracle Conditioner Total Damage Care 10mL',NULL,999.99,999.99,NULL,NULL),(438,'4902430698085','Pantene Shampoo Hair Fall Control 12mL',NULL,999.99,999.99,NULL,NULL),(439,'4902430698146','Pantene Shampoo Total Damage Care 12mL',NULL,999.99,999.99,NULL,NULL),(440,'4801668606063','Papa Sweet-Sarap Spaghetti Pack 900g Sauce + 1 pack Spaghetti',NULL,999.99,999.99,NULL,NULL),(441,'4800193100107','Paradiso Sardines in Tomato Sauce 425g',NULL,999.99,999.99,NULL,NULL),(442,'4800016553332','Payless Instant Mami Beef 55g',NULL,9.00,9.00,NULL,NULL),(443,'4800016556517','Payless Pancit Canton Xtra Big Chilimansi 130g',NULL,16.00,16.00,NULL,NULL),(444,'4800016555985','Payless Pancit Canton Xtra Big Kalamansi 130g',NULL,16.00,16.00,NULL,NULL),(445,'4800016555992','Payless Pancit Canton Xtra Big Original 130g',NULL,16.00,16.00,NULL,NULL),(446,'4800523220031','PeeWee Sizzling BBQ 25g',NULL,6.00,6.00,NULL,NULL),(447,'4800523220659','PeeWee Spicy Chili 25g',NULL,6.00,6.00,NULL,NULL),(448,'4800058123456','Philips Sausage 70g',NULL,999.99,999.99,NULL,NULL),(449,'4801981164905','Power Ade Mountain Berry 250mL',NULL,15.00,15.00,NULL,NULL),(450,'4902430764858','Power Gel Ariel Sunrise Fresh 64g',NULL,999.99,999.99,NULL,NULL),(451,'4800274020010','Quaker Instant Oatmeal Original 200g',NULL,999.99,999.99,NULL,NULL),(452,'4800274040025','Quaker Quick Cook Oatmeal 400g',NULL,999.99,999.99,NULL,NULL),(453,'4804888800990','Quick Chow Bihon Guisado 65g',NULL,999.99,999.99,NULL,NULL),(454,'4804888889001','Quick Chow Pancit Palabok 65g',NULL,999.99,999.99,NULL,NULL),(455,'4804888889025','Quickchow Instant Mami Beef 55g',NULL,999.99,999.99,NULL,NULL),(456,'4804888889018','Quickchow Instant Mami Chicken 55g',NULL,999.99,999.99,NULL,NULL),(457,'4800017955906','Ram Bread Crumbs 100g',NULL,999.99,999.99,NULL,NULL),(458,'4800017956200','Ram Bread Crumbs 230g',NULL,28.00,28.00,NULL,NULL),(459,'4800017908506','Ram Refined Iodized Salt 115g',NULL,8.00,8.00,NULL,NULL),(460,'4806527711117','RC Cola 1.5L',NULL,40.00,40.00,NULL,NULL),(461,'4806507940018','Red Camia Refined Sugar 0.5kg',NULL,999.99,999.99,NULL,NULL),(462,'4806507940025','Red Camia Refined Sugar 1kg',NULL,999.99,999.99,NULL,NULL),(463,'4801688103511','Regent Cheese Rings 60g',NULL,999.99,999.99,NULL,NULL),(464,'4801688108318','Regent Tempura 100g',NULL,22.00,22.00,NULL,NULL),(465,'4902430396219','Rejoice Conditioner Anti-Frizz 12mL + 3mL',NULL,999.99,999.99,NULL,NULL),(466,'4902430395625','Rejoice Conditioner Rich 12mL + 3mL',NULL,999.99,999.99,NULL,NULL),(467,'4902430698078','Rejoice Fragrant Rich Shampoo 16mL',NULL,999.99,999.99,NULL,NULL),(468,'4902430754767','Rejoice Shampoo Perfume Smooth 16mL',NULL,999.99,999.99,NULL,NULL),(469,'4805885172004','Reno Liver Spread 230g',NULL,999.99,999.99,NULL,NULL),(470,'4805885171007','Reno Liver Spread 85g',NULL,999.99,999.99,NULL,NULL),(471,'4806512341022','Right Choice 2-in-1 Economy Size',NULL,999.99,999.99,NULL,NULL),(472,'4806512340360','Right Choice Multi-Purpose Sponge',NULL,999.99,999.99,NULL,NULL),(473,'4801981122943','Royal 1.75L',NULL,62.00,62.00,NULL,NULL),(474,'96785013120','Saba Mackerel in Natural Oil Salt Added 200g',NULL,32.00,32.00,NULL,NULL),(475,'96785013038','Saba Premium Mackerel in Natural Oil 155g',NULL,24.00,24.00,NULL,NULL),(476,'96785013021','Saba Premium Mackerel in Natural Oil 200g',NULL,32.00,32.00,NULL,NULL),(477,'96785013014','Saba Premium Mackerel in Natural Oil 425g',NULL,999.99,999.99,NULL,NULL),(478,'96785013175','Saba Sardines in Tomato Sauce with Chili 155g',NULL,17.00,17.00,NULL,NULL),(479,'96785010976','Saba Squid in Soy Sauce with Chili 155g',NULL,34.00,34.00,NULL,NULL),(480,'4800249010091','San Marino Chili Corned Tuna 100g',NULL,24.00,24.00,NULL,NULL),(481,'4800249006636','San Marino Chili Corned Tuna 150g',NULL,34.00,34.00,NULL,NULL),(482,'4800249006674','San Marino Chili Corned Tuna 180g',NULL,40.00,40.00,NULL,NULL),(483,'4800249008531','San Marino Chili Corned Tuna 85g',NULL,25.00,25.00,NULL,NULL),(484,'4800249006599','San Marino Corned Tuna 100g',NULL,24.00,24.00,NULL,NULL),(485,'4800249006612','San Marino Corned Tuna 150g',NULL,34.00,34.00,NULL,NULL),(486,'4800249006650','San Marino Corned Tuna 180g',NULL,40.00,40.00,NULL,NULL),(487,'4800249008517','San Marino Corned Tuna 85g',NULL,25.00,25.00,NULL,NULL),(488,'4806502358641','Sanicare Facial Lunch Napkins 40\'s',NULL,999.99,999.99,NULL,NULL),(489,'4800318409146','Sensodyne Fresh Impact 12g x 2\'s (24g)',NULL,999.99,999.99,NULL,NULL),(490,'4800318409122','Sensodyne Fresh Mint 12g x 2\'s (24g)',NULL,999.99,999.99,NULL,NULL),(491,'4806020456386','Speed with Fabric Conditioner Kalamansi 90g',NULL,999.99,999.99,NULL,NULL),(492,'4806020456393','Speed with Fabric Conditioner Sunflower 90g',NULL,999.99,999.99,NULL,NULL),(493,'4801981117208','Sprite 1.75L',NULL,62.00,62.00,NULL,NULL),(494,'4809012032940','Star Victoria Washed Sugar 0.25kg',NULL,999.99,999.99,NULL,NULL),(495,'4809012032957','Star Victoria Washed Sugar 0.5kg',NULL,999.99,999.99,NULL,NULL),(496,'4800523443249','Stateline Loaded! Cheese 32g',NULL,6.00,6.00,NULL,NULL),(497,'4800523441955','Stateline Loaded! Chocolate 32g',NULL,6.00,6.00,NULL,NULL),(498,'4800523443218','Stateline Loaded! Nutty Choco 32g',NULL,6.00,6.00,NULL,NULL),(499,'4800523443416','Stateline Loaded! White Choco 32g',NULL,6.00,6.00,NULL,NULL),(500,'4800523441832','Stateline Tomi 25g',NULL,6.00,6.00,NULL,NULL),(501,'4800888169693','Sunsilk Shampoo Damage Reconstruction 13mL',NULL,999.99,999.99,NULL,NULL),(502,'4800888169716','Sunsilk Shampoo Smooth & Manageable 13mL',NULL,999.99,999.99,NULL,NULL),(503,'4800888157614','Surf Fabric Conditioner Blossom Fresh 28mL',NULL,999.99,999.99,NULL,NULL),(504,'8934868094982','Surf Fabric Conditioner French Perfume 28mL',NULL,999.99,999.99,NULL,NULL),(505,'4800888136701','Surf Oxybubbles Blue 380g',NULL,999.99,999.99,NULL,NULL),(506,'4800888190987','Surf with Fabcon Cherry Blossom 380g',NULL,999.99,999.99,NULL,NULL),(507,'4800888151827','Surf with Fabcon Kalamansi 61g',NULL,999.99,999.99,NULL,NULL),(508,'4800888199133','Surf with Fabcon Purple Blooms 61g',NULL,999.99,999.99,NULL,NULL),(509,'4800888183804','Surf with Fabcon Rose Fresh 61g',NULL,999.99,999.99,NULL,NULL),(510,'4800888151841','Surf with Fabcon Sun Fresh 61g',NULL,999.99,999.99,NULL,NULL),(511,'4800888136787','Surf with Fabcon Sunfresh 380g',NULL,999.99,999.99,NULL,NULL),(512,'4800888151834','Surf with Fabcon Tawas 61g',NULL,999.99,999.99,NULL,NULL),(513,'4801958410004','Tasty Boy All Purpose Breading Mix Regular 67g',NULL,11.00,11.00,NULL,NULL),(514,'4806511010271','Tattoos Cheese 30g',NULL,999.99,999.99,NULL,NULL),(515,'4902430278119','Tide Ultra Original Scent 380g',NULL,999.99,999.99,NULL,NULL),(516,'4902430611312','Tide with Downy Garden Bloom 74g',NULL,999.99,999.99,NULL,NULL),(517,'4800154011879','TigaBunga Squid 155g',NULL,29.00,29.00,NULL,NULL),(518,'4800523440316','Tomi Super Sweet Corn 110g',NULL,999.99,999.99,NULL,NULL),(519,'14285000891','UFC Sweet Chili Sauce 320g',NULL,32.00,32.00,NULL,NULL),(520,'14285003045','UFC Tamis Anghang Banana Catsup 1kg',NULL,49.00,49.00,NULL,NULL),(521,'14285000068','UFC Tamis Anghang Banana Catsup 320g',NULL,20.00,20.00,NULL,NULL),(522,'14285002789','UFC Tamis Anghang Banana Catsup Budget Pack 100g',NULL,10.00,10.00,NULL,NULL),(523,'14285003656','UFC Tamis Anghang Banana Catsup Saver\'s Pack 200g',NULL,13.00,13.00,NULL,NULL),(524,'4800154013057','Uni-Pak Mackerel in Natural Oil 155g',NULL,999.99,999.99,NULL,NULL),(525,'4800154156891','Uni-Pak Squid in Natural Ink 155g',NULL,29.00,29.00,NULL,NULL),(526,'4806519893883','Very Good Dishwashing Liquid Calamansi 500mL',NULL,999.99,999.99,NULL,NULL),(527,'4806519893890','Very Good Dishwashing Liquid Lemon 500mL',NULL,999.99,999.99,NULL,NULL),(528,'4804888050272','Vista Instant Coconut Milk Powder 50g',NULL,26.00,26.00,NULL,NULL),(529,'4800099101178','Wilkins Distilled Drinking Water 6000mL',NULL,80.00,80.00,NULL,NULL),(530,'4801981107971','Wilkins Pure Purified Water 500mL',NULL,15.00,15.00,NULL,NULL),(531,'4806511010042','WL Foods Corn Bits Chicken 70g',NULL,10.00,10.00,NULL,NULL),(532,'4806511012916','WL Foods Corn Bits Original 70g',NULL,999.99,999.99,NULL,NULL),(533,'4806511011681','WL Foods Corn Bits Spicy Hot Apoy 70g',NULL,999.99,999.99,NULL,NULL),(534,'4806511012077','WL Foods U-Need Super Quality Bihon 250g',NULL,999.99,999.99,NULL,NULL),(535,'4806521794659','WL Muncher D\'Patata Chips Sour Cream and Onion 60g',NULL,15.00,15.00,NULL,NULL),(536,'748485802084','Wow! Ulam Caldereta 155g',NULL,999.99,999.99,NULL,NULL),(537,'748485801377','Argentina Hot & Spicy Meat Loaf 170g',NULL,20.00,20.00,NULL,NULL),(538,'4800010012019','Great Taste Granules 100g',NULL,75.00,75.00,NULL,NULL),(539,'4800575141636','Alaska Instant Powdered Milk Drink',NULL,47.00,47.00,NULL,NULL),(540,'4800194177962','Oishi Prawn Crackers Spicy 90g',NULL,19.00,19.00,NULL,NULL),(541,'1425000075','UFC Tamis Anghang Banana Catsup 550g',NULL,30.00,30.00,NULL,NULL),(542,'4808680024271','Best Foods Salad & Sandwich Mate 220mL',NULL,55.00,55.00,NULL,NULL),(543,NULL,'ABC Jelly 16g','Solo',999.99,999.99,NULL,NULL),(544,NULL,'Ajinomoto Umami Seasoning 9g','Solo',2.00,2.00,NULL,NULL),(545,NULL,'Alibaba Crunchy Corn Chips Barbecue 10\'s','Pack',25.00,25.00,NULL,NULL),(546,NULL,'Alibaba Crunchy Corn Chips Hot Chili 10\'s','Pack',25.00,25.00,NULL,NULL),(547,NULL,'Alibaba Crunchy Corn Chips Sweet Corn 10\'s','Pack',25.00,25.00,NULL,NULL),(548,NULL,'All Season Wrap Thicker Aluminum Foil','Solo',999.99,999.99,NULL,NULL),(549,NULL,'Annie\'s Hany Jr. 6g','Solo',2.00,2.00,NULL,NULL),(550,NULL,'Annie\'s Hany Milk Chocolate 8g','Solo',2.00,2.00,NULL,NULL),(551,NULL,'Bawang na Bawang Crunchy Cornik 10\'s','Pack',25.00,25.00,NULL,NULL),(552,NULL,'Baygon Scented Mosquito Coil','Solo',999.99,999.99,NULL,NULL),(553,NULL,'Bingo Orange 28g','Solo',7.00,7.00,NULL,NULL),(554,NULL,'Boogyman Vegetable Snack Potato Crunch 20\'s','Pack',999.99,999.99,NULL,NULL),(555,NULL,'Buy Pinoy Haw Haw Chocolate Candy','Solo',999.99,999.99,NULL,NULL),(556,NULL,'Captain Sid Butong Pakwan 3g x 20\'s','Pack',20.00,20.00,NULL,NULL),(557,NULL,'Care Disposable Diapers L','Solo',999.99,999.99,NULL,NULL),(558,NULL,'Care Disposable Diapers M','Solo',999.99,999.99,NULL,NULL),(559,NULL,'Care Disposable Diapers XL','Solo',999.99,999.99,NULL,NULL),(560,NULL,'Choco mo \'to Chocolate','Solo',1.00,1.00,NULL,NULL),(561,NULL,'ChocoMani 12g','Solo',2.00,2.00,NULL,NULL),(562,NULL,'ChocoMucho Cookies & Cream White Chocolate 30g','Solo',7.00,7.00,NULL,NULL),(563,NULL,'ChocoMucho Milk Chocolate 30g','Solo',7.00,7.00,NULL,NULL),(564,NULL,'ChocoMucho White Chocolate 30g','Solo',7.00,7.00,NULL,NULL),(565,NULL,'Chokolitos','Solo',999.99,999.99,NULL,NULL),(566,NULL,'Choyo Choyo Strawberry','Solo',1.00,1.00,NULL,NULL),(567,NULL,'Choyo Choyo Ube','Solo',1.00,1.00,NULL,NULL),(568,NULL,'Chubby Peanut Chewy Candy 6.5g','Solo',1.00,1.00,NULL,NULL),(569,NULL,'Coco Chocolate Bean Crispy 3g','Solo',1.00,1.00,NULL,NULL),(570,NULL,'Coco Honey','Solo',999.99,999.99,NULL,NULL),(571,NULL,'Columbia\'s Monami Strawberry and Cream 3g','Solo',1.00,1.00,NULL,NULL),(572,NULL,'Columbia\'s Potchi Strawberry Cream 2.7g','Solo',999.99,999.99,NULL,NULL),(573,NULL,'Ding Dong Mixed Nuts 5g x 20\'s','Pack',20.00,20.00,NULL,NULL),(574,NULL,'Dragon Sid Squash Seeds 3g x 20\'s','Pack',20.00,20.00,NULL,NULL),(575,NULL,'Egg Extra Large','Solo',7.00,7.00,NULL,NULL),(576,NULL,'Egg Large','Solo',6.00,6.00,NULL,NULL),(577,NULL,'Fres Mint Candy Apple Peach','Solo',1.00,1.00,NULL,NULL),(578,NULL,'Fres Mint Candy Cherry','Solo',1.00,1.00,NULL,NULL),(579,NULL,'Fruitone','Solo',1.00,1.00,NULL,NULL),(580,NULL,'Fudgee Barr Chocolate 41g','Solo',7.00,7.00,NULL,NULL),(581,NULL,'Fudgee Barr Macapuno 39g','Solo',7.00,7.00,NULL,NULL),(582,NULL,'Fudgee Barr Vanilla 40g','Solo',7.00,7.00,NULL,NULL),(583,NULL,'Happy BBQ 5g x 20\'s','Pack',20.00,20.00,NULL,NULL),(584,NULL,'Happy Chicken Adobo 5g x 20\'s','Pack',20.00,20.00,NULL,NULL),(585,NULL,'Happy Chikito Cracker Nuts Garlic 5g x 20\'s','Pack',20.00,20.00,NULL,NULL),(586,NULL,'Happy Classic Adobong Mani 5g x 20\'s','Pack',999.99,999.99,NULL,NULL),(587,NULL,'Happy Original 5g x 20\'s','Pack',20.00,20.00,NULL,NULL),(588,NULL,'Hi-Ho Crunchy Cracker Nuts Super Chili 5g x 20\'s','Pack',20.00,20.00,NULL,NULL),(589,NULL,'Jack n\' Jill  Cream-O Chocolate 30g','Solo',7.00,7.00,NULL,NULL),(590,NULL,'Jack n\' Jill  Cream-O Cookies n\' Cream 27g','Solo',6.00,6.00,NULL,NULL),(591,NULL,'Jack n\' Jill Magic Creams Peanut Butter Cream Choco 30g','Solo',7.00,7.00,NULL,NULL),(592,NULL,'Jack n\' Jill Magic Flakes Cheese 28g','Solo',999.99,999.99,NULL,NULL),(593,NULL,'Jack n\' Jill Magic Junior Condensada Cream Cracker Sandwich 16g','Solo',3.00,3.00,NULL,NULL),(594,NULL,'Jack n\' Jill Maxx Cherry Menthol Candy','Solo',1.00,1.00,NULL,NULL),(595,NULL,'Jack n\' Jill Maxx Dalandan Orange Menthol Candy','Solo',1.00,1.00,NULL,NULL),(596,NULL,'Jack n\' Jill Maxx Eucalyptus Menthol Candy','Solo',1.00,1.00,NULL,NULL),(597,NULL,'Jack n\' Jill Maxx Extra Strength Menthol Candy','Solo',1.00,1.00,NULL,NULL),(598,NULL,'Jack n\' Jill Maxx Honey Lemon Menthol Candy','Solo',1.00,1.00,NULL,NULL),(599,NULL,'Jack n\' Jill Presto Creams Choco Vanilla 30g','Solo',6.00,6.00,NULL,NULL),(600,NULL,'Jack n\' Jill Presto Creams Double Choco 30g','Solo',6.00,6.00,NULL,NULL),(601,NULL,'Jack n\' Jill Presto Creams Mocha 30g','Solo',6.00,6.00,NULL,NULL),(602,NULL,'Jack n\' Jill Presto Creams Peanut Butter','Solo',6.00,6.00,NULL,NULL),(603,NULL,'Jack n\' Jill Presto Jams Strawberry 30g','Solo',6.00,6.00,NULL,NULL),(604,NULL,'Jack n\' Jill Wiggles 5g','Solo',999.99,999.99,NULL,NULL),(605,NULL,'Jack n\' Jill XO Classic Coffee Candy','Solo',999.99,999.99,NULL,NULL),(606,NULL,'Kiss Fish Cracker','Solo',1.00,1.00,NULL,NULL),(607,NULL,'Kiss Fish Cracker 20\'S','Pack',20.00,20.00,NULL,NULL),(608,NULL,'Krim Stix Milk','Solo',1.00,1.00,NULL,NULL),(609,NULL,'Lemon Square Lava Cake Creamy Bavarian 38g','Solo',7.00,7.00,NULL,NULL),(610,NULL,'Lion Tiger Mosquito Killer Junior Size Coil','Solo',999.99,999.99,NULL,NULL),(611,NULL,'Lipps Color Burst','Solo',999.99,999.99,NULL,NULL),(612,NULL,'Mik-Mik Sweetened Milk Powder','Pack',999.99,999.99,NULL,NULL),(613,NULL,'MM Fructose Chewie','Solo',1.00,1.00,NULL,NULL),(614,NULL,'Modess Cottony Soft Regular Non-Wing','Solo',999.99,999.99,NULL,NULL),(615,NULL,'Nicefoods Sunflower Seeds 21\'s','Pack',20.00,20.00,NULL,NULL),(616,NULL,'Nips Mini Milk Chocolate 4g','Solo',999.99,999.99,NULL,NULL),(617,NULL,'Olivenza Bueno Safety Matches Box','Solo',999.99,999.99,NULL,NULL),(618,NULL,'Pasalubong Butter Cake 30g','Solo',7.00,7.00,NULL,NULL),(619,NULL,'Pasalubong Cheese Cupcake 30g','Solo',7.00,7.00,NULL,NULL),(620,NULL,'Pasalubong Cupcake','Solo',7.00,7.00,NULL,NULL),(621,NULL,'Purity Cotton 10g','Solo',999.99,999.99,NULL,NULL),(622,NULL,'Raphael & Lally Chicharon','Solo',12.00,12.00,NULL,NULL),(623,NULL,'Rebisco Crackers 33g','Solo',44.00,44.00,NULL,NULL),(624,NULL,'Rebisco Hansel Crackers 32g','Solo',6.00,6.00,NULL,NULL),(625,NULL,'Rebisco Marie Time','Solo',999.99,999.99,NULL,NULL),(626,NULL,'Sharkey Haw Haw Milk Candy','Solo',1.00,1.00,NULL,NULL),(627,NULL,'Sisters Pantyliners Cottony Comfort','Solo',999.99,999.99,NULL,NULL),(628,NULL,'Starr Diapers L','Solo',999.99,999.99,NULL,NULL),(629,NULL,'Starr Diapers XL','Solo',999.99,999.99,NULL,NULL),(630,NULL,'Sugo Honey Roasted Peanuts 8g x 20\'s','Pack',20.00,20.00,NULL,NULL),(631,NULL,'Sugo Mixed Nuts 7g x 20\'s','Pack',20.00,20.00,NULL,NULL),(632,NULL,'Those Days Pantyliner','Solo',999.99,999.99,NULL,NULL),(633,NULL,'Tiger Energy Vanilla 25.2g','Solo',6.00,6.00,NULL,NULL),(634,NULL,'Unifam Milkita Milk Candy','Solo',1.00,1.00,NULL,NULL),(635,NULL,'Voice Strawberry 25g','Solo',999.99,999.99,NULL,NULL),(636,NULL,'Whisper Cottony Clean Regular Non-Wing','Solo',999.99,999.99,NULL,NULL),(637,NULL,'Whisper Cottony Clean Regular Wings','Solo',999.99,999.99,NULL,NULL),(638,NULL,'Whisper Cottony Long Long Wings Sulit','Solo',999.99,999.99,NULL,NULL),(639,NULL,'Yakult 80mL','Solo',999.99,999.99,NULL,NULL),(640,NULL,'Nescafe Classic 2g','Solo',3.00,3.00,NULL,NULL),(641,NULL,'Nestle Coffee Mate 5g','Solo',3.00,3.00,NULL,NULL),(642,NULL,'Stik-O Junior Buco-Pandan','Solo',1.00,1.00,NULL,NULL),(643,NULL,'Stik-O Junior Chocolate','Solo',1.00,1.00,NULL,NULL),(644,NULL,'Stik-O Junior Strawberry','Solo',1.00,1.00,NULL,NULL),(645,NULL,'King Chatlet Choco-Peanut 24\'s','Solo',2.00,2.00,NULL,NULL),(646,NULL,'MY San Sky Flakes Condensada 30g','Solo',7.00,7.00,NULL,NULL),(647,NULL,'Happy Chikito Cracker Nuts BBQ 5g x 20\'s','Pack',20.00,20.00,NULL,NULL),(648,NULL,'Kropek (no brand)','Solo',5.00,5.00,NULL,NULL),(649,NULL,'Tuyo (no brand)','Solo',5.00,5.00,NULL,NULL),(650,NULL,'Misua (no brand)','Solo',6.00,6.00,NULL,NULL),(651,NULL,'Pepper/Paminta Small (no brand)','Solo',1.00,1.00,NULL,NULL),(652,NULL,'Pepper/Paminta Large (no brand)','Solo',5.00,5.00,NULL,NULL),(653,NULL,'Laurel (no brand)','Solo',1.00,1.00,NULL,NULL),(654,NULL,'Cess & Anne Toasted Peanuts','Solo',5.00,5.00,NULL,NULL),(655,NULL,'EB Special Hopia Monggo','Solo',3.00,3.00,NULL,NULL),(656,NULL,'EB Special Hopia Ube','Solo',3.00,3.00,NULL,NULL),(657,NULL,'R & L Bakeshop','Solo',6.00,6.00,NULL,NULL),(658,NULL,'Coca-Cola Zero/Coke Zero Swakto 200mL',NULL,12.00,12.00,NULL,NULL),(659,NULL,'Coca-Cola/Coke 300mL',NULL,15.00,15.00,NULL,NULL),(660,NULL,'Femme Dcor Bathroom Tissue 2 Ply',NULL,999.99,999.99,NULL,NULL),(661,NULL,'Hey To! Fish Crackers ',NULL,15.00,15.00,NULL,NULL),(662,NULL,'Magnolia Cheezee Spread Pimiento 220g',NULL,999.99,999.99,NULL,NULL),(663,NULL,'Royal Mismo 250mL',NULL,15.00,15.00,NULL,NULL),(664,NULL,'Sarsi Mismo 250mL',NULL,15.00,15.00,NULL,NULL),(665,NULL,'Sparkle Swakto 200mL',NULL,12.00,12.00,NULL,NULL),(666,NULL,'Sprite 300mL',NULL,15.00,15.00,NULL,NULL),(667,NULL,'Sunlight Essential 220-240V',NULL,999.99,999.99,NULL,NULL),(668,NULL,'Vitamilk Soy Milk Chocolate 200mL',NULL,16.00,16.00,NULL,NULL),(669,NULL,'Nestle Milo 22g',NULL,999.99,999.99,NULL,NULL),(670,NULL,'C2 Green Tea Apple Solo 230mL',NULL,12.00,12.00,NULL,NULL),(671,NULL,'Coca-Cola Zero/Coke Zero Swakto 200mL',NULL,12.00,12.00,NULL,NULL),(672,NULL,'Coca-Cola/Coke 300mL',NULL,15.00,15.00,NULL,NULL),(673,NULL,'Femme Dcor Bathroom Tissue 2 Ply',NULL,999.99,999.99,NULL,NULL),(674,NULL,'Hey To! Fish Crackers ',NULL,15.00,15.00,NULL,NULL),(675,NULL,'Magnolia Cheezee Spread Pimiento 220g',NULL,999.99,999.99,NULL,NULL),(676,NULL,'Royal Mismo 250mL',NULL,15.00,15.00,NULL,NULL),(677,NULL,'Sarsi Mismo 250mL',NULL,15.00,15.00,NULL,NULL),(678,NULL,'Sparkle Swakto 200mL',NULL,12.00,12.00,NULL,NULL),(679,NULL,'Sprite 300mL',NULL,15.00,15.00,NULL,NULL),(680,NULL,'Sunlight Essential 220-240V',NULL,999.99,999.99,NULL,NULL),(681,NULL,'Vitamilk Soy Milk Chocolate 200mL',NULL,16.00,16.00,NULL,NULL),(682,NULL,'Nestle Milo 22g',NULL,999.99,999.99,NULL,NULL),(683,NULL,'C2 Green Tea Apple Solo 230mL',NULL,12.00,12.00,NULL,NULL),(684,'4800139930140','ABC Jelly 12\'s (192g)','Pack',999.99,999.99,NULL,NULL),(685,'48032025','Ajinomoto Ginisa Flavor Seasoning Mix 7g','Solo',999.99,999.99,NULL,NULL),(686,'4801958350409','Ajinomoto Ginisa Flavor Seasoning Mix 7g x 12\'s','Pack',23.00,23.00,NULL,NULL),(687,'4801958146002','Ajinomoto Umami Seasoning 50g','Solo',10.00,10.00,NULL,NULL),(688,'4801958335109','Ajinomoto Umami Seasoning 50g x 6\'s','Pack',999.99,999.99,NULL,NULL),(689,'4801958258002','Ajinomoto Umami Seasoning 9g x 21s','Pack',999.99,999.99,NULL,NULL),(690,'4800575142633','Alaska Instant Powdered Milk Drink Sulit Pack 25g + 8g','Solo',8.00,8.00,NULL,NULL),(691,'4809013044355','Alibaba Crunchy Corn Chips Barbecue 20g','Solo',2.00,2.00,NULL,NULL),(692,'4809013044645','Alibaba Crunchy Corn Chips Hot Chili 20g','Solo',2.00,2.00,NULL,NULL),(693,'4809013044638','Alibaba Crunchy Corn Chips Sweet Corn 20g','Solo',2.00,2.00,NULL,NULL),(694,'4806515002005','All Season Wrap Thicker Aluminum Foil 3m (30cm x 3m)','Pack',999.99,999.99,NULL,NULL),(695,'4804888589673','Annie\'s Hany Jr. 24\'s (150g)','Pack',25.00,25.00,NULL,NULL),(696,'4804888589017','Annie\'s Hany Milk Chocolate 24\'s (200g)','Pack',27.00,27.00,NULL,NULL),(697,'4809013044331','Bawang na Bawang Crunchy Cornik 20g','Solo',2.00,2.00,NULL,NULL),(698,'4801234105211','Baygon Scented Mosquito Coil 10\'s (125g)','Pack',999.99,999.99,NULL,NULL),(699,'3086126676074','BiC 2 Blades','Solo',18.00,18.00,NULL,NULL),(700,'4807770101557','Bingo Double Choco 28g','Solo',7.00,7.00,NULL,NULL),(701,'4807770100611','Bingo Double Choco 28g x 10\'s (280g)','Pack',50.00,50.00,NULL,NULL),(702,'4807770100536','Bingo Orange 28g x 10\'s (280g)','Pack',50.00,50.00,NULL,NULL),(703,'4807770101540','Bingo Vanilla 28g','Solo',7.00,7.00,NULL,NULL),(704,'4807770100697','Bingo Vanilla 28g x 10\'s (280g)','Pack',50.00,50.00,NULL,NULL),(705,'748485401492','Birch Tree Powdered Milk Drink 33g','Solo',9.00,9.00,NULL,NULL),(706,'4800194110280','Boogyman Vegetable Snack Potato Crunch','Solo',1.00,1.00,NULL,NULL),(707,'4806520150043','Buy Pinoy Haw Haw Chocolate Candy 40\'s ','Pack',999.99,999.99,NULL,NULL),(708,'4800092330223','Captain Sid Butong Pakwan 3g','Solo',1.00,1.00,NULL,NULL),(709,'4802288884121','Care Disposable Diapers 12XL + 1','Pack',999.99,999.99,NULL,NULL),(710,'4802288883049','Care Disposable Diapers 4L','Pack',999.99,999.99,NULL,NULL),(711,'4802288882042','Care Disposable Diapers 4M','Pack',999.99,999.99,NULL,NULL),(712,'4808647010149','Cheez Whiz Original Sulit Pack 15g','Solo',999.99,999.99,NULL,NULL),(713,'7622300312039','Cheez Whiz Pimiento Sulit Pack 15g','Solo',999.99,999.99,NULL,NULL),(714,'4809011291768','Choco mo \'to Chocolate 12\'s','Pack',999.99,999.99,NULL,NULL),(715,'4800237331252','ChocoMani 24\'s (288g)','Pack',25.00,25.00,NULL,NULL),(716,'4800092661167','ChocoMucho Cookies & Cream White Chocolate 30g x 10\'s (300g)','Pack',999.99,999.99,NULL,NULL),(717,'4800092660962','ChocoMucho Dark Chocolate 30g','Solo',7.00,7.00,NULL,NULL),(718,'4800092660979','ChocoMucho Dark Chocolate 30g x 10\'s (300g)','Pack',999.99,999.99,NULL,NULL),(719,'4800092660641','ChocoMucho Milk Chocolate 30g x 10\'s (300g)','Pack',999.99,999.99,NULL,NULL),(720,'4800092660795','ChocoMucho White Chocolate 30g x 10\'s (300g)','Pack',999.99,999.99,NULL,NULL),(721,'4809010997111','Chokolitos 100\'s','Pack',45.00,45.00,NULL,NULL),(722,'4809010997937','Choyo Choyo Strawberry 380g','Pack',47.00,47.00,NULL,NULL),(723,'4809010997920','Choyo Choyo Ube 380g','Pack',47.00,47.00,NULL,NULL),(724,'4800103342047','Chubby Peanut Chewy Candy 20s (130g)','Pack',999.99,999.99,NULL,NULL),(725,'4800010961447','Cloud9 Classic 28g','Solo',8.00,8.00,NULL,NULL),(726,'4800010781076','Cloud9 Classic 28g x 12\'s (336g)','Pack',999.99,999.99,NULL,NULL),(727,'4806526072547','Coco Chocolate Bean Crispy 3g x 24\'s','Pack',999.99,999.99,NULL,NULL),(728,'4800092111488','Coco Honey 20\'s','Pack',23.00,23.00,NULL,NULL),(729,'4808888200583','Colgate Classic Child','Solo',999.99,999.99,NULL,NULL),(730,'4808888201115','Colgate Classic Deep Clean','Solo',999.99,999.99,NULL,NULL),(731,'4800818809651','Columbia\'s Monami Strawberry and Cream 55\'s (165g)','Pack',26.00,26.00,NULL,NULL),(732,'4800818808906','Columbia\'s Potchi Strawberry Cream 50\'s (135g)','Pack',999.99,999.99,NULL,NULL),(733,'4800092330100','Ding Dong Mixed Nuts 5g','Solo',1.00,1.00,NULL,NULL),(734,'4800450112331','Dip Sea Fish Crackers 100g','Solo',22.00,22.00,NULL,NULL),(735,'4800450112126','Dip Sea Fish Crackers 8g','Solo',999.99,999.99,NULL,NULL),(736,'4800092553318','Doowee Donut Assorted 44g x 10\'s (440g)','Pack',75.00,75.00,NULL,NULL),(737,'4800092551604','Doowee Donut Choco 44g','Solo',9.00,9.00,NULL,NULL),(738,'4800092552779','Doowee Donut White Choco 44g','Solo',9.00,9.00,NULL,NULL),(739,'4800092330490','Dragon Sid Squash Seeds 3g','Solo',1.00,1.00,NULL,NULL),(740,'4808647020162','Eden Sulit Pack 35g','Solo',12.00,12.00,NULL,NULL),(741,'4809010997463','Egg-O Cookies 20g','Solo',7.00,7.00,NULL,NULL),(742,'4801981166152','Eight O\'Clock Calamansi Litro Pack 25g','Solo',12.00,12.00,NULL,NULL),(743,'750515017429','Fita Crackers 30g','Solo',999.99,999.99,NULL,NULL),(744,'750515017450','Fita Crackers 30g x 10\'s (300g)','Pack',999.99,999.99,NULL,NULL),(745,'8996001346365','Fres Mint Candy Apple Peach 150g','Pack',999.99,999.99,NULL,NULL),(746,'8996001346297','Fres Mint Candy Cherry 150g','Pack',999.99,999.99,NULL,NULL),(747,'4806507621238','Fruitone Assorted 24\'s','Pack',25.00,25.00,NULL,NULL),(748,'4800092550911','Fudgee Barr Chocolate 41g x 10\'s (410g)','Pack',57.00,57.00,NULL,NULL),(749,'4800092551451','Fudgee Barr Macapuno 39g x 10\'s (390g)','Pack',57.00,57.00,NULL,NULL),(750,'4800092551376','Fudgee Barr Vanilla 40g x 10\'s (400g)','Pack',57.00,57.00,NULL,NULL),(751,'4902806015560','Gatsby Wax Mat & Hard 3g','Solo',999.99,999.99,NULL,NULL),(752,'4902430441896','Gillette Rubie II','Solo',22.00,22.00,NULL,NULL),(753,'4800092113321','Hansel Butter Sandwich 31g','Solo',6.00,6.00,NULL,NULL),(754,'4800092111945','Hansel Butter Sandwich 31g x 10\'s (310g)','Pack',999.99,999.99,NULL,NULL),(755,'4800092113307','Hansel Chocolate Sandwich 31g','Solo',6.00,6.00,NULL,NULL),(756,'4800092110528','Hansel Chocolate Sandwich 31g x 10\'s (310g)','Pack',999.99,999.99,NULL,NULL),(757,'4800092113291','Hansel Mocha Sandwich 31g','Solo',6.00,6.00,NULL,NULL),(758,'4800092110023','Hansel Mocha Sandwich 31g x 10\'s (310g)','Pack',999.99,999.99,NULL,NULL),(759,'4800092330629','Happy BBQ 5g','Solo',1.00,1.00,NULL,NULL),(760,'4800092330971','Happy Chicken Adobo 5g','Solo',1.00,1.00,NULL,NULL),(761,'4800092330605','Happy Chikito Cracker Nuts BBQ 5g','Solo',1.00,1.00,NULL,NULL),(762,'4800092330063','Happy Chikito Cracker Nuts Garlic 5g','Solo',1.00,1.00,NULL,NULL),(763,'4800092331657','Happy Classic Adobong Mani 5g','Solo',999.99,999.99,NULL,NULL),(764,'4800092330018','Happy Original 5g','Solo',1.00,1.00,NULL,NULL),(765,'4809015103470','Herschel Special Candies','Pack',11.00,11.00,NULL,NULL),(766,'4809010524706','Hi-Ho Crunchy Cracker Nuts Super Chili 5g','Solo',1.00,1.00,NULL,NULL),(767,'4800010075564','Jack n\' Jill  Cream-O Chocolate 30 x 10\'s (300g)','Pack',62.00,62.00,NULL,NULL),(768,'4800016077531','Jack n\' Jill  Cream-O Cookies n\' Cream 27g x 10\'s (270g)','Pack',48.00,48.00,NULL,NULL),(769,'4800010075069','Jack n\' Jill Cream-O 30g','Solo',999.99,999.99,NULL,NULL),(770,'4800016113048','Jack n\' Jill Dewberry Strawberries n\' Cream 33g','Solo',7.00,7.00,NULL,NULL),(771,'4800016113017','Jack n\' Jill Dewberry Strawberries n\' Cream 33g x 10\'s (330g)','Pack',62.00,62.00,NULL,NULL),(772,'4800016082856','Jack n\' Jill Magic Creams Choco 30g','Solo',7.00,7.00,NULL,NULL),(773,'4800016082634','Jack n\' Jill Magic Creams Peanut Butter 28g','Solo',7.00,7.00,NULL,NULL),(774,'4800016081033','Jack n\' Jill Magic Creams Peanut Butter Cream 28g x (10+1)\'s (308g)','Pack',999.99,999.99,NULL,NULL),(775,'4800016082894','Jack n\' Jill Magic Creams Peanut Butter Cream Choco 30g x (10+1)\'s (330g)','Pack',999.99,999.99,NULL,NULL),(776,'4800016081132','Jack n\' Jill Magic Flakes Cheese 28g x 10\'s (280g)','Pack',999.99,999.99,NULL,NULL),(777,'4800016082603','Jack n\' Jill Magic Flakes Premium Crackers 28g','Solo',6.00,6.00,NULL,NULL),(778,'4800016082085','Jack n\' Jill Magic Flakes Premium Crackers 28g x (10+1)\'s (308g)','Pack',44.00,44.00,NULL,NULL),(779,'4800016087196','Jack n\' Jill Magic Junior Condensada Cream Cracker Sandwich 16g x 10\'s (160g)','Pack',25.00,25.00,NULL,NULL),(780,'4800016304019','Jack n\' Jill Maxx Cherry Menthol Candy 50\'s (200g)','Pack',999.99,999.99,NULL,NULL),(781,'4800016303081','Jack n\' Jill Maxx Dalandan Orange Menthol Candy 50\'s (200g)','Pack',999.99,999.99,NULL,NULL),(782,'4800016307010','Jack n\' Jill Maxx Eucalyptus Menthol Candy 50\'s (200g)','Pack',999.99,999.99,NULL,NULL),(783,'4800016303159','Jack n\' Jill Maxx Extra Strength Menthol Candy 50\'s (200g)','Pack',999.99,999.99,NULL,NULL),(784,'4800016306013','Jack n\' Jill Maxx Honey Lemon Menthol Candy 50\'s (200g)','Pack',999.99,999.99,NULL,NULL),(785,'4800010075595','Jack n\' Jill Presto Creams Choco Vanilla 30g x 10\'s (300g)','Pack',48.00,48.00,NULL,NULL),(786,'4800016076947','Jack n\' Jill Presto Creams Double Choco 30g x 10\'s (300g)','Pack',48.00,48.00,NULL,NULL),(787,'4800016076817','Jack n\' Jill Presto Creams Mocha 30g x 10\'s (300g)','Pack',48.00,48.00,NULL,NULL),(788,'4800010075922','Jack n\' Jill Presto Creams Peanut Butter 30g x 10\'s (300g)','Pack',48.00,48.00,NULL,NULL),(789,'4800016076886','Jack n\' Jill Presto Jams Strawberry 30g x 10\'s (300g)','Pack',48.00,48.00,NULL,NULL),(790,'4800016084034','Jack n\' Jill Wafrets Cheese Brix 24g','Solo',7.00,7.00,NULL,NULL),(791,'4800016084058','Jack n\' Jill Wafrets Choco Brix 24g','Solo',7.00,7.00,NULL,NULL),(792,'4800016483059','Jack n\' Jill Wiggles 35\'s (175g)','Pack',999.99,999.99,NULL,NULL),(793,'4800016475016','Jack n\' Jill XO Classic Coffee Candy 50\'s (175g)','Pack',999.99,999.99,NULL,NULL),(794,'6952337300299','Kingever Twin Blade Razor','Solo',18.00,18.00,NULL,NULL),(795,'4800888602718','Knorr Chicken Broth Cubes 10g','Solo',999.99,999.99,NULL,NULL),(796,'4800092110931','Krim Stix Milk 100\'s (520g)','Pack',98.00,98.00,NULL,NULL),(797,'4808680652887','Lady\'s Choice Chicken Spread 15mL','Solo',999.99,999.99,NULL,NULL),(798,'4808680653402','Lady\'s Choice Real Mayonnaise 15mL','Solo',999.99,999.99,NULL,NULL),(799,'4808680653419','Lady\'s Choice Sandwich Spread 15mL','Solo',999.99,999.99,NULL,NULL),(800,'4806018401602','Lemon Square Inipit Cake Sandwich Chocolate 23g','Solo',6.00,6.00,NULL,NULL),(801,'4806018403606','Lemon Square Inipit Cake Sandwich Pandan 23g','Solo',6.00,6.00,NULL,NULL),(802,'4806018405655','Lemon Square Lava Cake Chocolate 42g','Solo',7.00,7.00,NULL,NULL),(803,'4806018405662','Lemon Square Lava Cake Chocolate 42g x 10\'s (420g)','Pack',57.00,57.00,NULL,NULL),(804,'4806018405792','Lemon Square Lava Cake Creamy Bavarian 38g x 10\'s (380g)','Pack',57.00,57.00,NULL,NULL),(805,'4806013078274','Lion Tiger Mosquito Killer Junior Size 10 + 2 Coils 140g','Pack',999.99,999.99,NULL,NULL),(806,'4800103341613','Lipps Color Burst 50\'s (200g)','Pack',999.99,999.99,NULL,NULL),(807,'4807770273223','Lucky Me! Nam Nam All-3-in-One Seasoning Granules 4g','Solo',2.00,2.00,NULL,NULL),(808,'4807770273209','Lucky Me! Nam Nam All-3-in-One Seasoning Granules 4g x 12\'s','Pack',19.00,19.00,NULL,NULL),(809,'4800361400299','Maggi Magic Chicken Meaty Seasoning Granules 10g','Solo',5.00,5.00,NULL,NULL),(810,'4800361400329','Maggi Magic Pork Meaty Seasoning Granules 10g','Solo',5.00,5.00,NULL,NULL),(811,'48025522','Maggi Magic Sarap All-in-One Seasoning Granules 8g','Solo',4.00,4.00,NULL,NULL),(812,'4800361328302','Maggi Magic Sarap All-in-One Seasoning Granules 8g x 13\'s','Pack',34.00,34.00,NULL,NULL),(813,'4805358245136','Magnolia Star Margarine Classic 15g','Solo',999.99,999.99,NULL,NULL),(814,'4809010524102','Mik-Mik Sweetened Milk Powder','Solo',1.00,1.00,NULL,NULL),(815,'6946112700336','MM Fructose Chewie 24\'s','Pack',999.99,999.99,NULL,NULL),(816,'8850007371441','Modess Cottony Soft Regular Non-Wing Sulit Pack 12\'s','Pack',999.99,999.99,NULL,NULL),(817,'8850007371236','Modess Cottony Soft Regular Non-Wing Sulit Pack 20\'s','Pack',999.99,999.99,NULL,NULL),(818,'4807770121357','Monde Special Mamon Mocha 40g','Solo',18.00,18.00,NULL,NULL),(819,'4809013526264','Mr. Gulaman Jelly Powder Strawberry 25g','Solo',12.00,12.00,NULL,NULL),(820,'4809013526332','Mr. Gulaman Jelly Powder Unflavored Orange 25g','Solo',12.00,12.00,NULL,NULL),(821,'4809013526318','Mr. Gulaman Jelly Powder Unflavored Red 25g','Solo',12.00,12.00,NULL,NULL),(822,'4809013526356','Mr. Gulaman Jelly Powder Unflavored White 25g','Solo',12.00,12.00,NULL,NULL),(823,'750515017818','MY San Fita Spreadz Bacon 25g','Solo',6.00,6.00,NULL,NULL),(824,'750515017856','MY San Fita Spreadz Bacon 25g x 10\'s (250g)','Pack',999.99,999.99,NULL,NULL),(825,'750515017825','MY San Fita Spreadz Tuna 25g','Solo',6.00,6.00,NULL,NULL),(826,'750515017863','MY San Fita Spreadz Tuna 25g x 10\'s (250g)','Pack',999.99,999.99,NULL,NULL),(827,'750515031531','MY San Sky Flakes Condensada 30g x 10\'s (300g)','Pack',50.00,50.00,NULL,NULL),(828,'750515018402','MY San Sky Flakes Crackers 25g','Solo',6.00,6.00,NULL,NULL),(829,'750515018501','MY San Sky Flakes Crackers 25g x 10\'s (250g)','Pack',49.00,49.00,NULL,NULL),(830,'4800361388252','Nescafe Classic 2g x 48\'s (96g)','Pack',999.99,999.99,NULL,NULL),(831,'4800361000826','Nestle Coffee Mate 5g x 48s','Pack',999.99,999.99,NULL,NULL),(832,'4800361386821','Nesta Nesfruta Melon 25g','Solo',999.99,999.99,NULL,NULL),(833,'4800361382083','Nestea Apple Blend Litro Pack 25g','Solo',12.00,12.00,NULL,NULL),(834,'4800361392549','Nestea Cranberry Red Tea Cosmopolitan Cocktail Blend Litro Pack 25g','Solo',12.00,12.00,NULL,NULL),(835,'4800361387989','Nestea Honey Blend Litro Pack 25g','Solo',12.00,12.00,NULL,NULL),(836,'4800361393478','Nestle Bear Brand Busog Lusog Choco Yummy 28g','Solo',8.00,8.00,NULL,NULL),(837,'4800361328463','Nestle Koko Krunch Baon Pack 15g','Solo',7.00,7.00,NULL,NULL),(838,'4800361383301','Nestle Milo 22g','Solo',999.99,999.99,NULL,NULL),(839,'4800361383325','Nestle Milo 22g x 12\'s','Pack',999.99,999.99,NULL,NULL),(840,'4809012111973','Nicefoods Sunflower Seeds','Solo',1.00,1.00,NULL,NULL),(841,'4800016042461','Nips Mini Milk Chocolate 24\'s (96g)','Pack',999.99,999.99,NULL,NULL),(842,'4807770120206','Nissin Wafer Choco 12g','Solo',3.00,3.00,NULL,NULL),(843,'4807770120213','Nissin Wafer Choco 12g x 20s (240g)','Pack',42.00,42.00,NULL,NULL),(844,'4807770122255','Nissin Wafer Choco King Size 22g','Solo',5.00,5.00,NULL,NULL),(845,'4807770122262','Nissin Wafer Choco King Size 22g x 10\'s (220g)','Pack',38.00,38.00,NULL,NULL),(846,'4807770120244','Nissin Wafer Vanilla 12g','Solo',3.00,3.00,NULL,NULL),(847,'4807770120251','Nissin Wafer Vanilla 12g x 20s (240g)','Pack',42.00,42.00,NULL,NULL),(848,'4807770120220','Nissin Wafer Yummy Butter 12g','Solo',3.00,3.00,NULL,NULL),(849,'4800065118001','Olivenza Bueno Safety Matches 48sticks x 5 boxes','Pack',999.99,999.99,NULL,NULL),(850,'4809012772594','Pasalubong Assorted Cupcakes 8\'s','Pack',45.00,45.00,NULL,NULL),(851,'4809010510297','Pasalubong Brownies 30g','Solo',7.00,7.00,NULL,NULL),(852,'4809010510099','Pasalubong Brownies 30g x 10\'s (300g)','Pack',54.00,54.00,NULL,NULL),(853,'4809012772396','Pasalubong Butter Cake 30g x 10\'s (300g)','Pack',54.00,54.00,NULL,NULL),(854,'4809010510198','Pasalubong Cake Bar Caramel 30g','Solo',9.00,9.00,NULL,NULL),(855,'4809010510501','Pasalubong Cheese Cupcake 30g x 10\'s (300g)','Pack',54.00,54.00,NULL,NULL),(856,'4800060906313','Purity Cotton 10g x (11+1)\'s','Pack',999.99,999.99,NULL,NULL),(857,'4800092111822','Rebisco Crackers 10\'s (330g)','Pack',6.00,6.00,NULL,NULL),(858,'4800092112317','Rebisco Hansel Crackers 32g x 10\'s (320g)','Pack',46.00,46.00,NULL,NULL),(859,'4800092111228','Rebisco Marie Time 20\'s','Pack',37.00,37.00,NULL,NULL),(860,'4800620114011','Sharkey Haw Haw Milk Candy 40\'s','Pack',999.99,999.99,NULL,NULL),(861,'4806506318924','Sisters Pantyliners Cottony Comfort 20+2','Pack',999.99,999.99,NULL,NULL),(862,'4806506318870','Sisters Pantyliners Cottony Comfort 8\'s','Pack',999.99,999.99,NULL,NULL),(863,'4806020410876','Speed Dagdag Bar White 160g x (5+1)\'s','Pack',999.99,999.99,NULL,NULL),(864,'4806020497532','Speed Dagdag Kalamansi 160g','Solo',999.99,999.99,NULL,NULL),(865,'4806020410869','Speed Dagdag Kalamansi 160g x (5+1)\'s','Pack',999.99,999.99,NULL,NULL),(866,'4806020497525','Speed Dagdag Power Whitener 160g','Solo',999.99,999.99,NULL,NULL),(867,'4806020497556','Speed Dagdag Speckled Blue 160g','Solo',999.99,999.99,NULL,NULL),(868,'4806020497549','Speed Dagdag with Fabcon 160g','Solo',999.99,999.99,NULL,NULL),(869,'4806020410890','Speed Dagdag with Fabcon 160g x (5+1)\'s','Pack',999.99,999.99,NULL,NULL),(870,'6903244541534','Starr Diapers 20XL','Pack',999.99,999.99,NULL,NULL),(871,'6903244541442','Starr Diapers 4L','Pack',999.99,999.99,NULL,NULL),(872,'4800166142608','Stik-O Junior Buco-Pandan 380g','Pack',52.00,52.00,NULL,NULL),(873,'4800166142325','Stik-O Junior Chocolate 380g','Pack',52.00,52.00,NULL,NULL),(874,'4800166142370','Stik-O Junior Strawberry 380g','Pack',52.00,52.00,NULL,NULL),(875,'4809010524188','Sugo Honey Roasted Peanuts 8g','Solo',1.00,1.00,NULL,NULL),(876,'4800092331985','Sugo Mixed Nuts 7g','Solo',1.00,1.00,NULL,NULL),(877,'4800092553127','Suncrest Cupp Keyk Cheesy Melt 30g','Solo',7.00,7.00,NULL,NULL),(878,'4800344702112','Swan Sanitary Toothpicks 30g','Pack',999.99,999.99,NULL,NULL),(879,'7622300704148','Tang Apple Litro Pack 25g','Solo',12.00,12.00,NULL,NULL),(880,'7622300858599','Tang Calamansi Litro Pack 25g','Solo',12.00,12.00,NULL,NULL),(881,'7622300858575','Tang Dalandan Litro Pack 25g','Solo',12.00,12.00,NULL,NULL),(882,'7622300808365','Tang Four Seasons Litro Pack 25g','Solo',12.00,12.00,NULL,NULL),(883,'7622300637996','Tang Grape Litro Pack 25g','Solo',12.00,12.00,NULL,NULL),(884,'7622300858612','Tang Honey Lemon Litro Pack 25g','Solo',12.00,12.00,NULL,NULL),(885,'7622300601782','Tang Mango Litro Pack 25g','Solo',12.00,12.00,NULL,NULL),(886,'7622300559991','Tang Orange Litro Pack 25g + Pomelo 6g','Solo',12.00,12.00,NULL,NULL),(887,'7622300601768','Tang Pineapple Litro Pack 25g','Solo',12.00,12.00,NULL,NULL),(888,'7622210706768','Tang Pomelo Litro Pack 25g','Solo',12.00,12.00,NULL,NULL),(889,'7622300638078','Tang Strawberry Litro Pack 25g','Solo',12.00,12.00,NULL,NULL),(890,'4801288888207','Those Days Pantyliners 20\'s','Pack',999.99,999.99,NULL,NULL),(891,'7622300743048','Tiger Energy Vanilla 25.2g x 10\'s (252g)','Pack',52.00,52.00,NULL,NULL),(892,'8997878001999','Unifam Milkita Milk Candy 30\'s (84g)','Pack',999.99,999.99,NULL,NULL),(893,'4807770121692','Voice Caf Mocha 10\'s (250g)','Pack',52.00,52.00,NULL,NULL),(894,'4807770121685','Voice Caf Mocha 25g','Solo',6.00,6.00,NULL,NULL),(895,'4807770122057','Voice Chili Choco 26g','Solo',7.00,7.00,NULL,NULL),(896,'4807770122064','Voice Chili Choco 26g x 6\'s (156g)','Pack',36.00,36.00,NULL,NULL),(897,'4807770121296','Voice Overload Chocolate 10\'s (250g)','Pack',52.00,52.00,NULL,NULL),(898,'4807770121302','Voice Overload Chocolate 25g','Solo',6.00,6.00,NULL,NULL),(899,'4807770120794','Voice Strawberry 10\'s (250g)','Pack',52.00,52.00,NULL,NULL),(900,'4902430293426','Whisper Cottony Clean Regular Non-Wing 8\'s','Pack',999.99,999.99,NULL,NULL),(901,'4902430335065','Whisper Cottony Clean Regular Wings Sulit Pack 16\'s','Pack',999.99,999.99,NULL,NULL),(902,'4902430597951','Whisper Cottony Long Long Wings Sulit Pack 16\'s','Pack',999.99,999.99,NULL,NULL),(903,'4800092553189','Whoopee Marshmallow Cake 35g','Solo',8.00,8.00,NULL,NULL),(904,'54028367911','Yakult 80mL x 5\'s','Pack',999.99,999.99,NULL,NULL),(905,'4804888800006','Zest-O Orange Juice 200mL','Solo',8.00,8.00,NULL,NULL),(906,'4804888800143','Zest-O Apple Juice 200mL','Solo',8.00,8.00,NULL,NULL),(907,'4800166142776','Mini Stik-O Chocolate','Pack',16.00,16.00,NULL,NULL),(908,'4800449555941','La-La Prawn Crackers 30g','Solo',7.00,7.00,NULL,NULL),(909,'4800016083778','Jack n\' Jill Machic Chips Sour Cream & Onion 28g','Solo',7.00,7.00,NULL,NULL),(910,'8410028900077','Alfonso 1 Brandy Light 1cL','Boxed',195.00,195.00,NULL,NULL),(911,NULL,'Bread Pan Cheese 24g',NULL,999.99,999.99,'2018-01-02 20:26:44','2018-01-02 20:26:44'),(912,NULL,'Regent Cheese Rings 20g',NULL,999.99,999.99,'2018-01-02 20:26:44','2018-01-02 20:26:44'),(913,NULL,'Bread Pan Butter 24g',NULL,999.99,999.99,'2018-01-02 20:26:44','2018-01-02 20:26:44'),(914,NULL,'Moby Chocolate 60g',NULL,999.99,999.99,'2018-01-02 20:26:44','2018-01-02 20:26:44'),(915,NULL,'Oishi Shoestring Potatoes 20g',NULL,999.99,999.99,'2018-01-02 20:26:44','2018-01-02 20:26:44'),(916,NULL,'Fishda Kropek 80g',NULL,999.99,999.99,'2018-01-02 20:26:44','2018-01-02 20:26:44'),(917,NULL,'Egg-O Butter Plain 20g x 10\'s','Pack',999.99,999.99,'2018-01-02 20:26:45','2018-01-02 20:26:45'),(918,NULL,'Jack n\' Jill Chicharron ni Man Juan Sugpo 72g',NULL,999.99,999.99,'2018-01-02 20:26:45','2018-01-02 20:26:45'),(919,NULL,'Jack n\' Jill Piattos Cheese 85g',NULL,999.99,999.99,'2018-01-02 20:26:45','2018-01-02 20:26:45'),(920,NULL,'Oishi Marty\'s Cracklin\' Plain Salted 90g',NULL,999.99,999.99,'2018-01-02 20:26:45','2018-01-02 20:26:45'),(921,NULL,'Oishi Prawn Crackers 95g',NULL,999.99,999.99,'2018-01-02 20:26:45','2018-01-02 20:26:45'),(922,NULL,'Mang Juan Chik\'n Skin Original 16g',NULL,999.99,999.99,'2018-01-02 20:26:45','2018-01-02 20:26:45'),(923,NULL,'Jack n\' Jill Chicharron ni Man Juan Sukang Paombong Small',NULL,999.99,999.99,'2018-01-02 20:26:45','2018-01-02 20:26:45'),(924,NULL,'Jack n\' Jill Chiz Crispers 22g',NULL,999.99,999.99,'2018-01-02 20:26:45','2018-01-02 20:26:45'),(925,NULL,'Jack n\' Jill Chicharron ni Mang Juan Suka\'t Sili Small',NULL,999.99,999.99,'2018-01-02 20:26:45','2018-01-02 20:26:45'),(926,NULL,'Mang Juan Chik\'n Skin Suka 17g',NULL,999.99,999.99,'2018-01-02 20:26:46','2018-01-02 20:26:46'),(927,NULL,'Jack n\' Jill Piattos BBQ 40g',NULL,999.99,999.99,'2018-01-02 20:26:46','2018-01-02 20:26:46'),(928,NULL,'Jack n\' Jill Piattos Pizza 40g',NULL,999.99,999.99,'2018-01-02 20:26:46','2018-01-02 20:26:46'),(929,NULL,'Jack n\' Jill Piattos Sour Cream & Onion 40g',NULL,999.99,999.99,'2018-01-02 20:26:46','2018-01-02 20:26:46'),(930,NULL,'Jack n\' Jill Piattos Cheese 40g',NULL,999.99,999.99,'2018-01-02 20:26:46','2018-01-02 20:26:46'),(931,NULL,'Oishi Ribbed Cracklings Salt & Vinear 5g x 20\'s','Pack',999.99,999.99,'2018-01-02 20:26:46','2018-01-02 20:26:46'),(932,NULL,'Khong Guan Iced Gem Biscuits 30g x 12\'s','Pack',999.99,999.99,'2018-01-02 20:26:46','2018-01-02 20:26:46'),(933,NULL,'Regent Over Cheese 20\'s','Pack',999.99,999.99,'2018-01-02 20:26:46','2018-01-02 20:26:46'),(934,NULL,'Dip Sea Fish Crackers 10g x 20\'s','Pack',999.99,999.99,'2018-01-02 20:26:46','2018-01-02 20:26:46'),(935,NULL,'Unifam Milkita Strawberry 30\'s (84g)','Pack',999.99,999.99,'2018-01-02 20:26:46','2018-01-02 20:26:46'),(936,NULL,'Unifam Milkita Assorted 50\'s','Pack',999.99,999.99,'2018-01-02 20:26:46','2018-01-02 20:26:46'),(937,NULL,'Unifam  Milkita Choco 30\'s','Pack',999.99,999.99,'2018-01-02 20:26:47','2018-01-02 20:26:47'),(938,NULL,'Dilis Choice  10g x 20\'s','Pack',999.99,999.99,'2018-01-02 20:26:47','2018-01-02 20:26:47'),(939,NULL,'Vinegar Pusit 20\'s','Pack',999.99,999.99,'2018-01-02 20:26:47','2018-01-02 20:26:47'),(940,NULL,'Arlene Pastillas','Pack',999.99,999.99,'2018-01-02 20:26:47','2018-01-02 20:26:47'),(941,NULL,'Del Monte Tomato Paste 150g',NULL,999.99,999.99,'2018-01-02 20:26:47','2018-01-02 20:26:47'),(942,NULL,'EQ Colors Large 34\'s','Pack',999.99,999.99,'2018-01-02 20:26:47','2018-01-02 20:26:47'),(943,NULL,'EQ Diapers XL 4\'s','Pack',999.99,999.99,'2018-01-02 20:26:47','2018-01-02 20:26:47'),(944,NULL,'EQ Diapers M 4\'s','Pack',999.99,999.99,'2018-01-02 20:26:47','2018-01-02 20:26:47'),(945,NULL,'EQ Diapers L 4\'s',NULL,999.99,999.99,'2018-01-02 20:26:48','2018-01-02 20:26:48'),(946,NULL,'Marlboro Red Ream 10\'s','Pack/Ream',999.99,999.99,'2018-01-02 20:26:48','2018-01-02 20:26:48'),(947,NULL,'Ajinomoto Umami Seasoning 24g x 8\'s','Pack',999.99,999.99,'2018-01-02 20:43:45','2018-01-02 20:43:45'),(948,NULL,'Lady\'s Choice Real Mayonnaise 220mL','Jar',999.99,999.99,'2018-01-02 20:43:46','2018-01-02 20:43:46'),(949,NULL,'Lady\'s Choice Chicken Spread 220mL','DOY',999.99,999.99,'2018-01-02 20:43:46','2018-01-02 20:43:46'),(950,NULL,'Marby Budget Loaf 360g x 2\'s','Pack',999.99,999.99,'2018-01-02 20:43:46','2018-01-02 20:43:46'),(951,NULL,'Marby Pinoy Tasty','Solo',999.99,999.99,'2018-01-02 20:43:46','2018-01-02 20:43:46'),(952,NULL,'Fortune Cigarette Fliptop Tribal Blue Ream 20 x 10\'s','Pack',999.99,999.99,'2018-01-02 20:45:35','2018-01-02 20:45:35'),(953,NULL,'Winston Cigarette Lights Ream 10\'s','Pack',999.99,999.99,'2018-01-02 20:45:35','2018-01-02 20:45:35'),(954,NULL,'C2 Green Tea Apple Solo 230mL x 24\'s','Case',999.99,999.99,'2018-01-02 20:48:06','2018-01-02 20:48:06'),(955,NULL,'Mang Esting CLC Palm Oil 1.5L x 10\'s','Case',999.99,999.99,'2018-01-02 20:48:06','2018-01-02 20:48:06'),(956,NULL,'Mang Esting CLC Palm Oil 750mL x 12\'s','Case',999.99,999.99,'2018-01-02 20:48:06','2018-01-02 20:48:06'),(957,NULL,'Mang Esting CLC Sukang Paombong 750mL X 12\'s','Case',999.99,999.99,'2018-01-02 20:48:06','2018-01-02 20:48:06'),(958,NULL,'Fortune Cigar Menthol Soft Pack Ream 10\'s','Ream',999.99,999.99,'2018-01-02 20:53:29','2018-01-02 20:53:29'),(959,NULL,'Mighty Cigarette Filter Red Soft Pack Ream 10\'s','Ream',999.99,999.99,'2018-01-02 20:53:29','2018-01-02 20:53:29'),(960,NULL,'Winnsboro Cigar Gold Soft Pack Ream 10\'s','Ream',999.99,999.99,'2018-01-02 20:53:29','2018-01-02 20:53:29'),(961,NULL,'Alfonso 1 Brandy Light 1L X 12\'s','Case',999.99,999.99,'2018-01-02 20:55:01','2018-01-02 20:55:01'),(962,NULL,'Great Taste Original 3-in-1 Twin Pack 33g x 240\'s','Pack',999.99,999.99,'2018-01-02 21:13:03','2018-01-02 21:13:03'),(963,NULL,'Care Disposable Diapers 4XL','Pack',999.99,999.99,'2018-01-02 21:25:28','2018-01-02 21:25:28'),(964,NULL,'Champion Fabri-con Pink Fresh 50mL',NULL,999.99,999.99,'2018-01-02 21:25:28','2018-01-02 21:25:28'),(965,NULL,'Nutri Snack Cheez-it Cheese 90g',NULL,999.99,999.99,'2018-01-02 21:25:28','2018-01-02 21:25:28'),(966,NULL,'Leslie\'s Clover Chips 85g',NULL,999.99,999.99,'2018-01-02 21:37:31','2018-01-02 21:37:31'),(967,NULL,'Del Monte Fiesta Fruit Cocktail 836g',NULL,999.99,999.99,'2018-01-02 21:37:31','2018-01-02 21:37:31'),(968,NULL,'DW 8x11 NAT','UNKNOWN',999.99,999.99,'2018-01-02 21:37:31','2018-01-02 21:37:31'),(969,NULL,'DW 9X14 NAT','UNKNOWN',999.99,999.99,'2018-01-02 21:37:31','2018-01-02 21:37:31'),(970,NULL,'EQ Plus Budget Pack Large 12\'s','Pack',999.99,999.99,'2018-01-02 21:37:31','2018-01-02 21:37:31'),(971,NULL,'EQ Budget Pack Medium 12\'s','Pack',999.99,999.99,'2018-01-02 21:37:31','2018-01-02 21:37:31'),(972,NULL,'EQ Budget Pack XL 12\'s','Pack',999.99,999.99,'2018-01-02 21:37:32','2018-01-02 21:37:32'),(973,NULL,'Fres Mint Candy Barley 150g 50\'s','Pack',999.99,999.99,'2018-01-02 21:37:32','2018-01-02 21:37:32'),(974,NULL,'Fres Mint Candy Grape 150g 50\'s','Pack',999.99,999.99,'2018-01-02 21:37:32','2018-01-02 21:37:32'),(975,NULL,'Happy Hot & Spicy 5g x 20\'s','Pack',999.99,999.99,'2018-01-02 21:43:13','2018-01-02 21:43:13'),(976,NULL,'Happy Sweet Chili 5g x 20\'s','Pack',999.99,999.99,'2018-01-02 21:43:14','2018-01-02 21:43:14'),(977,NULL,'Jack n\' Jill Chicharron ni Mang Juan Suka\'t Sili 90g',NULL,999.99,999.99,'2018-01-02 21:48:42','2018-01-02 21:48:42'),(978,NULL,'Mr. Gulaman Buko Pandan 25g x 10\'s','Pack',999.99,999.99,'2018-01-02 22:00:48','2018-01-02 22:00:48'),(979,NULL,'Mr. Gulaman Red 25g x 10\'s','Pack',999.99,999.99,'2018-01-02 22:00:48','2018-01-02 22:00:48'),(980,NULL,'Nips Milk Choco Ties 14g x 12\'s','Pack',999.99,999.99,'2018-01-02 22:00:48','2018-01-02 22:00:48'),(981,NULL,'Nips Peanut Ties 14g x 12\'s','Pack',999.99,999.99,'2018-01-02 22:00:48','2018-01-02 22:00:48'),(982,NULL,'Nips White Choco Ties 14g x 12\'s','Pack',999.99,999.99,'2018-01-02 22:00:48','2018-01-02 22:00:48'),(983,NULL,'Oishi Boogyman 24g',NULL,999.99,999.99,'2018-01-02 22:00:49','2018-01-02 22:00:49'),(984,NULL,'Payless Pancit Canton Xtra Big Hot 130g',NULL,999.99,999.99,'2018-01-02 22:08:30','2018-01-02 22:08:30'),(985,NULL,'PeeWee Sizzling BBQ 90g',NULL,999.99,999.99,'2018-01-02 22:08:31','2018-01-02 22:08:31'),(986,NULL,'PeeWee Pizza 25g',NULL,999.99,999.99,'2018-01-02 22:08:31','2018-01-02 22:08:31'),(987,NULL,'Shure Plastic 4x12','Pack',999.99,999.99,'2018-01-02 22:18:11','2018-01-02 22:18:11'),(988,NULL,'Sugo Peanuts Original 20\'s','Pack',999.99,999.99,'2018-01-02 22:18:12','2018-01-02 22:18:12'),(989,NULL,'Sugo Peanuts Hot 20\'s','Pack',999.99,999.99,'2018-01-02 22:18:12','2018-01-02 22:18:12'),(990,NULL,'Surf Fabric Conditioner Morning Fresh 28mL',NULL,999.99,999.99,'2018-01-02 22:18:12','2018-01-02 22:18:12'),(991,NULL,'Today\'s Mixed Fruits 432g',NULL,999.99,999.99,'2018-01-02 22:18:12','2018-01-02 22:18:12'),(992,NULL,'Today\'s Mixed Fruits 836g',NULL,999.99,999.99,'2018-01-02 22:18:12','2018-01-02 22:18:12'),(993,NULL,'VFresh Spearmint 50\'s','Pack',999.99,999.99,'2018-01-02 22:18:12','2018-01-02 22:18:12'),(994,NULL,'WL Zesty Cheepee 120g',NULL,999.99,999.99,'2018-01-02 22:18:12','2018-01-02 22:18:12'),(995,NULL,'VFresh Wintercool 50\'s','Pack',999.99,999.99,'2018-01-02 22:27:09','2018-01-02 22:27:09'),(996,NULL,'Cream Silk Conditioner Standout Straight 12ml x 6\'s','Pack',999.99,999.99,'2018-01-02 22:27:10','2018-01-02 22:27:10');
/*!40000 ALTER TABLE `items` ENABLE KEYS */;
UNLOCK TABLES;
DROP TABLE IF EXISTS `migrations`;
/*!40101 SET @saved_cs_client     = @@character_set_client */;
/*!40101 SET character_set_client = utf8 */;
CREATE TABLE `migrations` (
  `id` int(10) unsigned NOT NULL AUTO_INCREMENT,
  `migration` varchar(255) COLLATE utf8mb4_unicode_ci NOT NULL,
  `batch` int(11) NOT NULL,
  PRIMARY KEY (`id`)
) ENGINE=InnoDB AUTO_INCREMENT=50 DEFAULT CHARSET=utf8mb4 COLLATE=utf8mb4_unicode_ci;
/*!40101 SET character_set_client = @saved_cs_client */;

LOCK TABLES `migrations` WRITE;
/*!40000 ALTER TABLE `migrations` DISABLE KEYS */;
INSERT INTO `migrations` VALUES (43,'2014_10_12_000000_create_users_table',1),(44,'2014_10_12_100000_create_password_resets_table',1),(45,'2017_11_19_165609_create_items_table',1),(46,'2017_11_19_170736_create_sales_table',1),(47,'2017_11_29_114441_create_purchases_table',1),(48,'2017_11_29_153949_create_sale_items_table',1),(49,'2017_11_29_154000_create_purchase_items_table',1);
/*!40000 ALTER TABLE `migrations` ENABLE KEYS */;
UNLOCK TABLES;
DROP TABLE IF EXISTS `password_resets`;
/*!40101 SET @saved_cs_client     = @@character_set_client */;
/*!40101 SET character_set_client = utf8 */;
CREATE TABLE `password_resets` (
  `email` varchar(255) COLLATE utf8mb4_unicode_ci NOT NULL,
  `token` varchar(255) COLLATE utf8mb4_unicode_ci NOT NULL,
  `created_at` timestamp NULL DEFAULT NULL,
  KEY `password_resets_email_index` (`email`)
) ENGINE=InnoDB DEFAULT CHARSET=utf8mb4 COLLATE=utf8mb4_unicode_ci;
/*!40101 SET character_set_client = @saved_cs_client */;

LOCK TABLES `password_resets` WRITE;
/*!40000 ALTER TABLE `password_resets` DISABLE KEYS */;
/*!40000 ALTER TABLE `password_resets` ENABLE KEYS */;
UNLOCK TABLES;
DROP TABLE IF EXISTS `purchase_items`;
/*!40101 SET @saved_cs_client     = @@character_set_client */;
/*!40101 SET character_set_client = utf8 */;
CREATE TABLE `purchase_items` (
  `id` int(10) unsigned NOT NULL AUTO_INCREMENT,
  `item_id` int(10) unsigned NOT NULL,
  `purchase_id` int(10) unsigned NOT NULL,
  `quantity` int(10) unsigned NOT NULL,
  `price` decimal(6,2) NOT NULL,
  `total` decimal(6,2) NOT NULL,
  `created_at` timestamp NULL DEFAULT NULL,
  `updated_at` timestamp NULL DEFAULT NULL,
  PRIMARY KEY (`id`),
  KEY `purchase_items_item_id_foreign` (`item_id`),
  KEY `purchase_items_purchase_id_foreign` (`purchase_id`),
  CONSTRAINT `purchase_items_item_id_foreign` FOREIGN KEY (`item_id`) REFERENCES `items` (`id`),
  CONSTRAINT `purchase_items_purchase_id_foreign` FOREIGN KEY (`purchase_id`) REFERENCES `purchases` (`id`)
) ENGINE=InnoDB AUTO_INCREMENT=267 DEFAULT CHARSET=utf8mb4 COLLATE=utf8mb4_unicode_ci;
/*!40101 SET character_set_client = @saved_cs_client */;

LOCK TABLES `purchase_items` WRITE;
/*!40000 ALTER TABLE `purchase_items` DISABLE KEYS */;
INSERT INTO `purchase_items` VALUES (1,859,1,2,17.60,35.20,'2018-01-02 20:26:44','2018-01-02 20:26:44'),(2,911,1,6,4.80,28.80,'2018-01-02 20:26:44','2018-01-02 20:26:44'),(3,912,1,7,4.10,28.70,'2018-01-02 20:26:44','2018-01-02 20:26:44'),(4,913,1,10,4.80,48.00,'2018-01-02 20:26:44','2018-01-02 20:26:44'),(5,914,1,5,9.10,45.50,'2018-01-02 20:26:44','2018-01-02 20:26:44'),(6,915,1,6,4.60,27.60,'2018-01-02 20:26:44','2018-01-02 20:26:44'),(7,419,1,7,4.60,32.20,'2018-01-02 20:26:44','2018-01-02 20:26:44'),(8,337,1,12,4.25,51.00,'2018-01-02 20:26:44','2018-01-02 20:26:44'),(9,335,1,8,4.25,34.00,'2018-01-02 20:26:44','2018-01-02 20:26:44'),(10,916,1,3,15.50,46.50,'2018-01-02 20:26:45','2018-01-02 20:26:45'),(11,416,1,4,10.40,41.60,'2018-01-02 20:26:45','2018-01-02 20:26:45'),(12,400,1,3,16.25,48.75,'2018-01-02 20:26:45','2018-01-02 20:26:45'),(13,917,1,2,32.80,65.60,'2018-01-02 20:26:45','2018-01-02 20:26:45'),(14,227,1,1,15.05,15.05,'2018-01-02 20:26:45','2018-01-02 20:26:45'),(15,918,1,2,15.35,30.70,'2018-01-02 20:26:45','2018-01-02 20:26:45'),(16,227,1,1,15.05,15.05,'2018-01-02 20:26:45','2018-01-02 20:26:45'),(17,919,1,5,24.85,124.25,'2018-01-02 20:26:45','2018-01-02 20:26:45'),(18,540,1,3,15.85,47.55,'2018-01-02 20:26:45','2018-01-02 20:26:45'),(19,232,1,5,24.85,124.25,'2018-01-02 20:26:45','2018-01-02 20:26:45'),(20,416,1,1,10.40,10.40,'2018-01-02 20:26:45','2018-01-02 20:26:45'),(21,920,1,5,14.85,74.25,'2018-01-02 20:26:45','2018-01-02 20:26:45'),(22,921,1,3,15.85,47.55,'2018-01-02 20:26:45','2018-01-02 20:26:45'),(23,397,1,2,16.25,32.50,'2018-01-02 20:26:45','2018-01-02 20:26:45'),(24,922,1,5,5.65,28.25,'2018-01-02 20:26:45','2018-01-02 20:26:45'),(25,923,1,5,5.50,27.50,'2018-01-02 20:26:45','2018-01-02 20:26:45'),(26,924,1,10,4.60,46.00,'2018-01-02 20:26:45','2018-01-02 20:26:45'),(27,419,1,1,4.60,4.60,'2018-01-02 20:26:45','2018-01-02 20:26:45'),(28,925,1,5,5.50,27.50,'2018-01-02 20:26:46','2018-01-02 20:26:46'),(29,926,1,5,5.50,27.50,'2018-01-02 20:26:46','2018-01-02 20:26:46'),(30,927,1,5,11.05,55.25,'2018-01-02 20:26:46','2018-01-02 20:26:46'),(31,928,1,5,11.05,55.25,'2018-01-02 20:26:46','2018-01-02 20:26:46'),(32,929,1,5,11.05,55.25,'2018-01-02 20:26:46','2018-01-02 20:26:46'),(33,930,1,5,11.05,55.25,'2018-01-02 20:26:46','2018-01-02 20:26:46'),(34,554,1,2,17.50,35.00,'2018-01-02 20:26:46','2018-01-02 20:26:46'),(35,931,1,2,17.50,35.00,'2018-01-02 20:26:46','2018-01-02 20:26:46'),(36,932,1,2,64.50,129.00,'2018-01-02 20:26:46','2018-01-02 20:26:46'),(37,933,1,2,17.85,35.70,'2018-01-02 20:26:46','2018-01-02 20:26:46'),(38,934,1,2,17.50,35.00,'2018-01-02 20:26:46','2018-01-02 20:26:46'),(39,714,1,3,10.40,31.20,'2018-01-02 20:26:46','2018-01-02 20:26:46'),(40,728,1,2,17.60,35.20,'2018-01-02 20:26:46','2018-01-02 20:26:46'),(41,892,1,2,21.55,43.10,'2018-01-02 20:26:46','2018-01-02 20:26:46'),(42,935,1,1,21.55,21.55,'2018-01-02 20:26:46','2018-01-02 20:26:46'),(43,936,1,1,21.55,21.55,'2018-01-02 20:26:46','2018-01-02 20:26:46'),(44,937,1,2,21.55,43.10,'2018-01-02 20:26:47','2018-01-02 20:26:47'),(45,938,1,2,18.85,37.70,'2018-01-02 20:26:47','2018-01-02 20:26:47'),(46,939,1,2,18.50,37.00,'2018-01-02 20:26:47','2018-01-02 20:26:47'),(47,554,1,2,17.50,35.00,'2018-01-02 20:26:47','2018-01-02 20:26:47'),(48,299,1,19,10.50,199.50,'2018-01-02 20:26:47','2018-01-02 20:26:47'),(49,444,1,10,14.00,140.00,'2018-01-02 20:26:47','2018-01-02 20:26:47'),(50,443,1,10,14.00,140.00,'2018-01-02 20:26:47','2018-01-02 20:26:47'),(51,453,1,10,8.80,88.00,'2018-01-02 20:26:47','2018-01-02 20:26:47'),(52,940,1,23,10.55,242.65,'2018-01-02 20:26:47','2018-01-02 20:26:47'),(53,941,1,5,24.50,122.50,'2018-01-02 20:26:47','2018-01-02 20:26:47'),(54,942,1,1,311.00,311.00,'2018-01-02 20:26:47','2018-01-02 20:26:47'),(55,870,1,1,144.75,144.75,'2018-01-02 20:26:47','2018-01-02 20:26:47'),(56,943,1,2,36.75,73.50,'2018-01-02 20:26:47','2018-01-02 20:26:47'),(57,871,1,5,26.25,131.25,'2018-01-02 20:26:47','2018-01-02 20:26:47'),(58,944,1,2,28.25,56.50,'2018-01-02 20:26:47','2018-01-02 20:26:47'),(59,945,1,2,31.50,63.00,'2018-01-02 20:26:48','2018-01-02 20:26:48'),(60,946,1,5,612.00,3060.00,'2018-01-02 20:26:48','2018-01-02 20:26:48'),(61,454,1,10,8.80,88.00,'2018-01-02 20:26:48','2018-01-02 20:26:48'),(62,14,2,12,16.90,202.80,'2018-01-02 20:43:45','2018-01-02 20:43:45'),(63,947,2,3,34.00,102.00,'2018-01-02 20:43:45','2018-01-02 20:43:45'),(64,687,2,18,8.80,158.40,'2018-01-02 20:43:45','2018-01-02 20:43:45'),(65,112,2,12,8.95,107.40,'2018-01-02 20:43:46','2018-01-02 20:43:46'),(66,115,2,10,15.95,159.50,'2018-01-02 20:43:46','2018-01-02 20:43:46'),(67,114,2,12,7.70,92.40,'2018-01-02 20:43:46','2018-01-02 20:43:46'),(68,123,2,10,12.90,129.00,'2018-01-02 20:43:46','2018-01-02 20:43:46'),(69,135,2,10,11.70,117.00,'2018-01-02 20:43:46','2018-01-02 20:43:46'),(70,275,2,1,82.05,82.05,'2018-01-02 20:43:46','2018-01-02 20:43:46'),(71,277,2,12,26.30,315.60,'2018-01-02 20:43:46','2018-01-02 20:43:46'),(72,276,2,3,70.80,212.40,'2018-01-02 20:43:46','2018-01-02 20:43:46'),(73,948,2,3,80.00,240.00,'2018-01-02 20:43:46','2018-01-02 20:43:46'),(74,949,2,1,82.05,82.05,'2018-01-02 20:43:46','2018-01-02 20:43:46'),(75,278,2,1,60.55,60.55,'2018-01-02 20:43:46','2018-01-02 20:43:46'),(76,950,2,4,75.00,300.00,'2018-01-02 20:43:46','2018-01-02 20:43:46'),(77,951,2,4,35.00,140.00,'2018-01-02 20:43:46','2018-01-02 20:43:46'),(78,369,2,5,51.20,256.00,'2018-01-02 20:43:46','2018-01-02 20:43:46'),(79,371,2,5,70.05,350.25,'2018-01-02 20:43:46','2018-01-02 20:43:46'),(80,952,3,4,505.50,2022.00,'2018-01-02 20:45:35','2018-01-02 20:45:35'),(81,953,3,2,513.00,1026.00,'2018-01-02 20:45:35','2018-01-02 20:45:35'),(82,954,4,1,190.30,190.30,'2018-01-02 20:48:06','2018-01-02 20:48:06'),(83,955,4,1,821.10,821.10,'2018-01-02 20:48:06','2018-01-02 20:48:06'),(84,956,4,1,510.00,510.00,'2018-01-02 20:48:06','2018-01-02 20:48:06'),(85,957,4,1,142.60,142.60,'2018-01-02 20:48:06','2018-01-02 20:48:06'),(86,958,5,6,505.50,3033.00,'2018-01-02 20:53:29','2018-01-02 20:53:29'),(87,959,5,2,497.50,995.00,'2018-01-02 20:53:29','2018-01-02 20:53:29'),(88,960,5,2,411.00,822.00,'2018-01-02 20:53:29','2018-01-02 20:53:29'),(89,961,6,2,2763.40,5526.80,'2018-01-02 21:04:20','2018-01-02 21:04:20'),(90,962,8,1,1818.15,1818.15,'2018-01-02 21:13:03','2018-01-02 21:13:03'),(91,686,9,10,19.90,199.00,'2018-01-02 21:25:27','2018-01-02 21:25:27'),(92,21,9,5,24.45,122.25,'2018-01-02 21:25:27','2018-01-02 21:25:27'),(93,21,9,5,37.55,187.75,'2018-01-02 21:25:27','2018-01-02 21:25:27'),(94,545,9,2,17.65,35.30,'2018-01-02 21:25:27','2018-01-02 21:25:27'),(95,546,9,2,17.65,35.30,'2018-01-02 21:25:27','2018-01-02 21:25:27'),(96,547,9,2,17.65,35.30,'2018-01-02 21:25:27','2018-01-02 21:25:27'),(97,365,9,12,20.25,243.00,'2018-01-02 21:25:27','2018-01-02 21:25:27'),(98,366,9,10,23.05,230.50,'2018-01-02 21:25:27','2018-01-02 21:25:27'),(99,551,9,10,17.70,177.00,'2018-01-02 21:25:27','2018-01-02 21:25:27'),(100,710,9,5,20.70,103.50,'2018-01-02 21:25:28','2018-01-02 21:25:28'),(101,556,9,11,17.10,188.10,'2018-01-02 21:25:28','2018-01-02 21:25:28'),(102,711,9,3,18.10,54.30,'2018-01-02 21:25:28','2018-01-02 21:25:28'),(103,963,9,1,23.10,23.10,'2018-01-02 21:25:28','2018-01-02 21:25:28'),(104,964,9,12,7.00,84.00,'2018-01-02 21:25:28','2018-01-02 21:25:28'),(105,249,9,5,21.40,107.00,'2018-01-02 21:25:28','2018-01-02 21:25:28'),(106,389,9,8,4.15,33.20,'2018-01-02 21:25:28','2018-01-02 21:25:28'),(107,965,9,2,15.30,30.60,'2018-01-02 21:25:28','2018-01-02 21:25:28'),(108,388,9,9,4.15,37.35,'2018-01-02 21:25:28','2018-01-02 21:25:28'),(109,88,9,6,74.70,448.20,'2018-01-02 21:25:28','2018-01-02 21:25:28'),(110,647,9,2,17.10,34.20,'2018-01-02 21:25:28','2018-01-02 21:25:28'),(111,585,9,4,17.10,68.40,'2018-01-02 21:25:28','2018-01-02 21:25:28'),(112,716,9,1,55.70,55.70,'2018-01-02 21:25:28','2018-01-02 21:25:28'),(113,720,9,1,55.70,55.70,'2018-01-02 21:25:28','2018-01-02 21:25:28'),(114,715,10,5,22.60,113.00,'2018-01-02 21:37:30','2018-01-02 21:37:30'),(115,722,10,1,43.75,43.75,'2018-01-02 21:37:30','2018-01-02 21:37:30'),(116,723,10,1,43.75,43.75,'2018-01-02 21:37:31','2018-01-02 21:37:31'),(117,726,10,2,72.15,144.30,'2018-01-02 21:37:31','2018-01-02 21:37:31'),(118,288,10,3,14.90,44.70,'2018-01-02 21:37:31','2018-01-02 21:37:31'),(119,966,10,3,22.55,67.65,'2018-01-02 21:37:31','2018-01-02 21:37:31'),(120,731,10,2,23.2,46.6,'2018-01-02 21:37:31','2018-01-02 21:37:31'),(121,127,10,36,3.50,126.00,'2018-01-02 21:37:31','2018-01-02 21:37:31'),(122,125,10,30,3.50,105.00,'2018-01-02 21:37:31','2018-01-02 21:37:31'),(123,573,10,2,17.10,34.20,'2018-01-02 21:37:31','2018-01-02 21:37:31'),(124,133,10,5,50.20,251.00,'2018-01-02 21:37:31','2018-01-02 21:37:31'),(125,967,10,3,66.80,200.40,'2018-01-02 21:37:31','2018-01-02 21:37:31'),(126,136,10,6,20.55,123.30,'2018-01-02 21:37:31','2018-01-02 21:37:31'),(127,149,10,4,17.70,70.80,'2018-01-02 21:37:31','2018-01-02 21:37:31'),(128,144,10,2,15.10,30.20,'2018-01-02 21:37:31','2018-01-02 21:37:31'),(129,574,10,10,17.10,171.00,'2018-01-02 21:37:31','2018-01-02 21:37:31'),(130,968,10,3,7.70,23.10,'2018-01-02 21:37:31','2018-01-02 21:37:31'),(131,969,10,3,11.80,35.40,'2018-01-02 21:37:31','2018-01-02 21:37:31'),(132,165,10,6,43.30,259.80,'2018-01-02 21:37:31','2018-01-02 21:37:31'),(133,970,10,2,92.25,184.50,'2018-01-02 21:37:31','2018-01-02 21:37:31'),(134,971,10,2,81.20,162.40,'2018-01-02 21:37:32','2018-01-02 21:37:32'),(135,972,10,2,107.40,214.80,'2018-01-02 21:37:32','2018-01-02 21:37:32'),(136,745,10,1,28.35,28.35,'2018-01-02 21:37:32','2018-01-02 21:37:32'),(137,973,10,1,28.35,28.35,'2018-01-02 21:37:32','2018-01-02 21:37:32'),(138,974,10,1,28.35,28.35,'2018-01-02 21:37:32','2018-01-02 21:37:32'),(139,748,11,2,54.00,108.00,'2018-01-02 21:43:13','2018-01-02 21:43:13'),(140,749,11,2,54.00,108.00,'2018-01-02 21:43:13','2018-01-02 21:43:13'),(141,750,11,2,54.00,108.00,'2018-01-02 21:43:13','2018-01-02 21:43:13'),(142,199,11,10,17.25,172.50,'2018-01-02 21:43:13','2018-01-02 21:43:13'),(143,695,11,5,21.50,107.50,'2018-01-02 21:43:13','2018-01-02 21:43:13'),(144,696,11,4,23.35,93.40,'2018-01-02 21:43:13','2018-01-02 21:43:13'),(145,583,11,2,17.10,34.20,'2018-01-02 21:43:13','2018-01-02 21:43:13'),(146,584,11,2,17.10,34.20,'2018-01-02 21:43:13','2018-01-02 21:43:13'),(147,586,11,2,17.10,34.20,'2018-01-02 21:43:13','2018-01-02 21:43:13'),(148,975,11,3,17.10,51.30,'2018-01-02 21:43:13','2018-01-02 21:43:13'),(149,587,11,2,17.10,34.20,'2018-01-02 21:43:13','2018-01-02 21:43:13'),(150,976,11,2,17.10,34.20,'2018-01-02 21:43:14','2018-01-02 21:43:14'),(151,217,11,10,43.50,435.00,'2018-01-02 21:43:14','2018-01-02 21:43:14'),(152,588,11,2,17.10,34.20,'2018-01-02 21:43:14','2018-01-02 21:43:14'),(153,235,11,6,18.10,108.60,'2018-01-02 21:43:14','2018-01-02 21:43:14'),(154,607,11,10,17.75,177.50,'2018-01-02 21:43:14','2018-01-02 21:43:14'),(155,798,11,36,7.10,255.60,'2018-01-02 21:43:14','2018-01-02 21:43:14'),(156,296,12,10,10.60,106.00,'2018-01-02 21:48:41','2018-01-02 21:48:41'),(157,297,12,10,10.30,103.00,'2018-01-02 21:48:41','2018-01-02 21:48:41'),(158,298,12,10,10.60,106.00,'2018-01-02 21:48:41','2018-01-02 21:48:41'),(159,299,12,9,10.60,95.40,'2018-01-02 21:48:41','2018-01-02 21:48:41'),(160,496,12,9,4.75,42.75,'2018-01-02 21:48:41','2018-01-02 21:48:41'),(161,497,12,2,4.75,9.50,'2018-01-02 21:48:41','2018-01-02 21:48:41'),(162,499,12,8,4.75,38.00,'2018-01-02 21:48:41','2018-01-02 21:48:41'),(163,804,12,2,53.95,107.90,'2018-01-02 21:48:41','2018-01-02 21:48:41'),(164,803,12,2,53.95,107.90,'2018-01-02 21:48:41','2018-01-02 21:48:41'),(165,306,12,4,44.15,176.60,'2018-01-02 21:48:41','2018-01-02 21:48:41'),(166,304,12,14,7.90,110.60,'2018-01-02 21:48:41','2018-01-02 21:48:41'),(167,812,12,5,31.60,158.00,'2018-01-02 21:48:41','2018-01-02 21:48:41'),(168,778,12,3,41.20,123.60,'2018-01-02 21:48:42','2018-01-02 21:48:42'),(169,227,12,3,14.45,43.35,'2018-01-02 21:48:42','2018-01-02 21:48:42'),(170,977,12,3,14.45,43.35,'2018-01-02 21:48:42','2018-01-02 21:48:42'),(171,401,12,10,4.40,44.00,'2018-01-02 21:48:42','2018-01-02 21:48:42'),(172,402,12,4,15.60,62.40,'2018-01-02 21:48:42','2018-01-02 21:48:42'),(173,403,12,9,4.40,39.60,'2018-01-02 21:48:42','2018-01-02 21:48:42'),(174,404,13,10,4.40,44.00,'2018-01-02 22:00:47','2018-01-02 22:00:47'),(175,405,13,3,15.60,46.80,'2018-01-02 22:00:47','2018-01-02 22:00:47'),(176,406,13,10,4.40,44.00,'2018-01-02 22:00:48','2018-01-02 22:00:48'),(177,892,13,6,22.30,133.80,'2018-01-02 22:00:48','2018-01-02 22:00:48'),(178,335,13,10,4.15,41.50,'2018-01-02 22:00:48','2018-01-02 22:00:48'),(179,337,13,8,4.15,33.20,'2018-01-02 22:00:48','2018-01-02 22:00:48'),(180,338,13,3,15.35,46.05,'2018-01-02 22:00:48','2018-01-02 22:00:48'),(181,336,13,7,4.75,33.25,'2018-01-02 22:00:48','2018-01-02 22:00:48'),(182,978,13,1,98.60,98.60,'2018-01-02 22:00:48','2018-01-02 22:00:48'),(183,979,13,1,98.60,98.60,'2018-01-02 22:00:48','2018-01-02 22:00:48'),(184,347,13,20,19.05,381.00,'2018-01-02 22:00:48','2018-01-02 22:00:48'),(185,832,13,24,8.80,211.20,'2018-01-02 22:00:48','2018-01-02 22:00:48'),(186,358,13,5,50.10,250.50,'2018-01-02 22:00:48','2018-01-02 22:00:48'),(187,980,13,1,38.40,38.40,'2018-01-02 22:00:48','2018-01-02 22:00:48'),(188,841,13,2,21.45,42.90,'2018-01-02 22:00:48','2018-01-02 22:00:48'),(189,981,13,1,38.40,38.40,'2018-01-02 22:00:48','2018-01-02 22:00:48'),(190,982,13,1,38.40,38.40,'2018-01-02 22:00:48','2018-01-02 22:00:48'),(191,376,13,5,15.45,77.25,'2018-01-02 22:00:48','2018-01-02 22:00:48'),(192,377,13,5,15.45,77.25,'2018-01-02 22:00:48','2018-01-02 22:00:48'),(193,383,13,5,15.45,77.25,'2018-01-02 22:00:48','2018-01-02 22:00:48'),(194,385,13,8,9.80,78.40,'2018-01-02 22:00:48','2018-01-02 22:00:48'),(195,386,13,11,9.80,107.80,'2018-01-02 22:00:49','2018-01-02 22:00:49'),(196,390,13,8,4.15,33.20,'2018-01-02 22:00:49','2018-01-02 22:00:49'),(197,983,13,7,4.40,30.80,'2018-01-02 22:00:49','2018-01-02 22:00:49'),(198,393,13,3,10.90,32.70,'2018-01-02 22:00:49','2018-01-02 22:00:49'),(199,394,13,10,4.40,44.00,'2018-01-02 22:00:49','2018-01-02 22:00:49'),(200,395,13,13,4.40,57.20,'2018-01-02 22:00:49','2018-01-02 22:00:49'),(201,417,13,5,10.00,50.00,'2018-01-02 22:00:49','2018-01-02 22:00:49'),(202,396,13,4,4.40,17.60,'2018-01-02 22:00:49','2018-01-02 22:00:49'),(203,397,13,2,15.60,31.20,'2018-01-02 22:00:49','2018-01-02 22:00:49'),(204,398,13,8,4.40,35.20,'2018-01-02 22:00:49','2018-01-02 22:00:49'),(205,399,13,3,9.90,29.70,'2018-01-02 22:00:49','2018-01-02 22:00:49'),(206,400,13,3,15.30,45.90,'2018-01-02 22:00:49','2018-01-02 22:00:49'),(207,407,13,8,4.40,35.20,'2018-01-02 22:00:49','2018-01-02 22:00:49'),(208,408,13,8,4.40,35.20,'2018-01-02 22:00:49','2018-01-02 22:00:49'),(209,409,13,10,4.40,44.00,'2018-01-02 22:00:49','2018-01-02 22:00:49'),(210,410,13,11,4.40,48.40,'2018-01-02 22:00:49','2018-01-02 22:00:49'),(211,411,13,12,4.40,52.80,'2018-01-02 22:00:49','2018-01-02 22:00:49'),(212,412,14,3,10.00,30.00,'2018-01-02 22:08:30','2018-01-02 22:08:30'),(213,416,14,6,9.90,59.40,'2018-01-02 22:08:30','2018-01-02 22:08:30'),(214,540,14,1,15.60,15.60,'2018-01-02 22:08:30','2018-01-02 22:08:30'),(215,418,14,8,4.40,35.20,'2018-01-02 22:08:30','2018-01-02 22:08:30'),(216,419,14,10,4.40,44.00,'2018-01-02 22:08:30','2018-01-02 22:08:30'),(217,420,14,10,4.40,44.00,'2018-01-02 22:08:30','2018-01-02 22:08:30'),(218,443,14,6,13.70,82.20,'2018-01-02 22:08:30','2018-01-02 22:08:30'),(219,984,14,6,13.70,82.20,'2018-01-02 22:08:31','2018-01-02 22:08:31'),(220,445,14,6,13.70,82.20,'2018-01-02 22:08:31','2018-01-02 22:08:31'),(221,444,14,6,13.70,82.20,'2018-01-02 22:08:31','2018-01-02 22:08:31'),(222,446,14,8,4.15,33.20,'2018-01-02 22:08:31','2018-01-02 22:08:31'),(223,985,14,2,15.30,30.60,'2018-01-02 22:08:31','2018-01-02 22:08:31'),(224,986,14,1,4.15,4.15,'2018-01-02 22:08:31','2018-01-02 22:08:31'),(225,392,14,2,15.30,30.60,'2018-01-02 22:08:31','2018-01-02 22:08:31'),(226,447,14,9,4.10,36.90,'2018-01-02 22:08:31','2018-01-02 22:08:31'),(227,232,14,6,24.35,146.10,'2018-01-02 22:08:31','2018-01-02 22:08:31'),(228,787,14,1,45.25,45.25,'2018-01-02 22:08:31','2018-01-02 22:08:31'),(229,788,14,1,45.25,45.25,'2018-01-02 22:08:31','2018-01-02 22:08:31'),(230,919,14,1,24.35,24.35,'2018-01-02 22:08:31','2018-01-02 22:08:31'),(231,785,14,1,45.25,45.25,'2018-01-02 22:08:31','2018-01-02 22:08:31'),(232,786,14,1,45.25,45.25,'2018-01-02 22:08:31','2018-01-02 22:08:31'),(233,789,14,1,45.25,45.25,'2018-01-02 22:08:31','2018-01-02 22:08:31'),(234,857,14,3,41.25,123.75,'2018-01-02 22:08:31','2018-01-02 22:08:31'),(235,858,14,3,42.85,128.55,'2018-01-02 22:08:31','2018-01-02 22:08:31'),(236,718,14,1,55.70,55.70,'2018-01-02 22:08:31','2018-01-02 22:08:31'),(237,719,14,2,55.70,111.40,'2018-01-02 22:08:31','2018-01-02 22:08:31'),(238,469,15,10,35.90,359.00,'2018-01-02 22:18:11','2018-01-02 22:18:11'),(239,987,15,10,17.10,171.00,'2018-01-02 22:18:11','2018-01-02 22:18:11'),(240,827,15,5,47.30,236.50,'2018-01-02 22:18:11','2018-01-02 22:18:11'),(241,907,15,5,14.15,70.75,'2018-01-02 22:18:11','2018-01-02 22:18:11'),(242,873,15,2,49.25,98.50,'2018-01-02 22:18:11','2018-01-02 22:18:11'),(243,872,15,1,48.80,48.80,'2018-01-02 22:18:11','2018-01-02 22:18:11'),(244,874,15,1,48.80,48.80,'2018-01-02 22:18:11','2018-01-02 22:18:11'),(245,631,15,1,17.50,17.50,'2018-01-02 22:18:12','2018-01-02 22:18:12'),(246,630,15,2,17.50,35.00,'2018-01-02 22:18:12','2018-01-02 22:18:12'),(247,988,15,2,17.50,35.00,'2018-01-02 22:18:12','2018-01-02 22:18:12'),(248,989,15,2,17.50,35.00,'2018-01-02 22:18:12','2018-01-02 22:18:12'),(249,615,15,7,17.35,121.45,'2018-01-02 22:18:12','2018-01-02 22:18:12'),(250,503,15,24,4.40,105.60,'2018-01-02 22:18:12','2018-01-02 22:18:12'),(251,990,15,24,4.30,103.20,'2018-01-02 22:18:12','2018-01-02 22:18:12'),(252,887,15,24,8.70,208.80,'2018-01-02 22:18:12','2018-01-02 22:18:12'),(253,464,15,3,8.50,25.50,'2018-01-02 22:18:12','2018-01-02 22:18:12'),(254,991,15,5,45.70,228.50,'2018-01-02 22:18:12','2018-01-02 22:18:12'),(255,992,15,4,65.50,262.00,'2018-01-02 22:18:12','2018-01-02 22:18:12'),(256,518,15,3,16.20,48.60,'2018-01-02 22:18:12','2018-01-02 22:18:12'),(257,500,15,10,4.15,41.50,'2018-01-02 22:18:12','2018-01-02 22:18:12'),(258,993,15,2,26.50,53.00,'2018-01-02 22:18:12','2018-01-02 22:18:12'),(259,792,15,3,30.45,91.35,'2018-01-02 22:18:12','2018-01-02 22:18:12'),(260,182,15,3,57.75,173.25,'2018-01-02 22:18:12','2018-01-02 22:18:12'),(261,535,15,2,12.30,24.60,'2018-01-02 22:18:12','2018-01-02 22:18:12'),(262,994,15,2,15.40,30.80,'2018-01-02 22:18:12','2018-01-02 22:18:12'),(263,995,16,2,26.50,53.00,'2018-01-02 22:27:09','2018-01-02 22:27:09'),(264,996,16,4,31.80,127.20,'2018-01-02 22:27:10','2018-01-02 22:27:10'),(265,381,17,5,15.45,77.25,'2018-01-02 22:31:00','2018-01-02 22:31:00');
/*!40000 ALTER TABLE `purchase_items` ENABLE KEYS */;
UNLOCK TABLES;
DROP TABLE IF EXISTS `purchases`;
/*!40101 SET @saved_cs_client     = @@character_set_client */;
/*!40101 SET character_set_client = utf8 */;
CREATE TABLE `purchases` (
  `id` int(10) unsigned NOT NULL AUTO_INCREMENT,
  `total_amount` decimal(8,2) NOT NULL,
  `payment` decimal(8,2) NOT NULL,
  `change` decimal(6,2) NOT NULL,
  `supplier` varchar(255) COLLATE utf8mb4_unicode_ci NOT NULL,
  `purchase_date` date NOT NULL,
  `created_at` timestamp NULL DEFAULT NULL,
  `updated_at` timestamp NULL DEFAULT NULL,
  PRIMARY KEY (`id`)
) ENGINE=InnoDB AUTO_INCREMENT=18 DEFAULT CHARSET=utf8mb4 COLLATE=utf8mb4_unicode_ci;
/*!40101 SET character_set_client = @saved_cs_client */;

LOCK TABLES `purchases` WRITE;
/*!40000 ALTER TABLE `purchases` DISABLE KEYS */;
INSERT INTO `purchases` VALUES (1,6873.10,7000.10,127.00,'Puregold','2017-11-24','2018-01-02 20:26:44','2018-01-02 20:26:44'),(2,3107.40,3108.00,0.60,'Nesabel','2017-12-29','2018-01-02 20:43:45','2018-01-02 20:43:45'),(3,3048.00,3100.00,52.00,'Nesabel','2017-12-29','2018-01-02 20:45:35','2018-01-02 20:45:35'),(4,1664.00,2000.00,336.00,'Nesabel','2017-12-29','2018-01-02 20:48:06','2018-01-02 20:48:06'),(5,4850.00,5000.00,150.00,'Nesabel','2017-12-28','2018-01-02 20:53:29','2018-01-02 20:53:29'),(6,5526.80,6000.00,473.20,'Nesabel','2017-12-28','2018-01-02 21:04:20','2018-01-02 21:04:20'),(8,1818.15,2000.00,181.85,'Nesabel','2017-12-28','2018-01-02 21:13:03','2018-01-02 21:13:03'),(9,2588.75,2588.75,0.00,'Nesabel','2017-12-28','2018-01-02 21:25:27','2018-01-02 21:25:27'),(10,2580.7,2580.7,0.00,'Nesabel','2017-12-28','2018-01-02 21:37:30','2018-01-02 21:37:30'),(11,1930.60,1930.60,0.00,'Nesabel','2017-12-28','2018-01-02 21:43:13','2018-01-02 21:43:13'),(12,1517.95,1517.95,0.00,'Nesabel','2017-12-28','2018-01-02 21:48:41','2018-01-02 21:48:41'),(13,2661.65,2661.65,0.00,'Nesabel','2017-12-28','2018-01-02 22:00:47','2018-01-02 22:00:47'),(14,1508.55,1508.55,0.00,'Nesabel','2017-12-28','2018-01-02 22:08:30','2018-01-02 22:08:30'),(15,2674.00,2674.00,0.00,'Nesabel','2017-12-28','2018-01-02 22:18:11','2018-01-02 22:18:11'),(16,179.40,179.40,0.00,'Nesabel','2017-12-28','2018-01-02 22:27:09','2018-01-02 22:27:09'),(17,77.25,77.25,0.00,'Nesabel','2017-12-28','2018-01-02 22:31:00','2018-01-02 22:31:00');
/*!40000 ALTER TABLE `purchases` ENABLE KEYS */;
UNLOCK TABLES;
DROP TABLE IF EXISTS `sale_items`;
/*!40101 SET @saved_cs_client     = @@character_set_client */;
/*!40101 SET character_set_client = utf8 */;
CREATE TABLE `sale_items` (
  `id` int(10) unsigned NOT NULL AUTO_INCREMENT,
  `item_id` int(10) unsigned NOT NULL,
  `sale_id` int(10) unsigned NOT NULL,
  `type` enum('retail','wholesale') COLLATE utf8mb4_unicode_ci NOT NULL,
  `quantity` int(10) unsigned NOT NULL,
  `price` decimal(5,2) NOT NULL,
  `total` decimal(6,2) NOT NULL,
  `created_at` timestamp NULL DEFAULT NULL,
  `updated_at` timestamp NULL DEFAULT NULL,
  PRIMARY KEY (`id`),
  KEY `sale_items_item_id_foreign` (`item_id`),
  KEY `sale_items_sale_id_foreign` (`sale_id`),
  CONSTRAINT `sale_items_item_id_foreign` FOREIGN KEY (`item_id`) REFERENCES `items` (`id`),
  CONSTRAINT `sale_items_sale_id_foreign` FOREIGN KEY (`sale_id`) REFERENCES `sales` (`id`)
) ENGINE=InnoDB DEFAULT CHARSET=utf8mb4 COLLATE=utf8mb4_unicode_ci;
/*!40101 SET character_set_client = @saved_cs_client */;

LOCK TABLES `sale_items` WRITE;
/*!40000 ALTER TABLE `sale_items` DISABLE KEYS */;
/*!40000 ALTER TABLE `sale_items` ENABLE KEYS */;
UNLOCK TABLES;
DROP TABLE IF EXISTS `sales`;
/*!40101 SET @saved_cs_client     = @@character_set_client */;
/*!40101 SET character_set_client = utf8 */;
CREATE TABLE `sales` (
  `id` int(10) unsigned NOT NULL AUTO_INCREMENT,
  `total_amount` decimal(6,2) NOT NULL,
  `payment` decimal(6,2) NOT NULL,
  `change` decimal(6,2) NOT NULL,
  `created_at` timestamp NULL DEFAULT NULL,
  `updated_at` timestamp NULL DEFAULT NULL,
  PRIMARY KEY (`id`)
) ENGINE=InnoDB DEFAULT CHARSET=utf8mb4 COLLATE=utf8mb4_unicode_ci;
/*!40101 SET character_set_client = @saved_cs_client */;

LOCK TABLES `sales` WRITE;
/*!40000 ALTER TABLE `sales` DISABLE KEYS */;
/*!40000 ALTER TABLE `sales` ENABLE KEYS */;
UNLOCK TABLES;
DROP TABLE IF EXISTS `users`;
/*!40101 SET @saved_cs_client     = @@character_set_client */;
/*!40101 SET character_set_client = utf8 */;
CREATE TABLE `users` (
  `id` int(10) unsigned NOT NULL AUTO_INCREMENT,
  `name` varchar(255) COLLATE utf8mb4_unicode_ci NOT NULL,
  `username` varchar(255) COLLATE utf8mb4_unicode_ci NOT NULL,
  `email` varchar(255) COLLATE utf8mb4_unicode_ci NOT NULL,
  `password` varchar(255) COLLATE utf8mb4_unicode_ci NOT NULL,
  `remember_token` varchar(100) COLLATE utf8mb4_unicode_ci DEFAULT NULL,
  `created_at` timestamp NULL DEFAULT NULL,
  `updated_at` timestamp NULL DEFAULT NULL,
  PRIMARY KEY (`id`),
  UNIQUE KEY `users_username_unique` (`username`),
  UNIQUE KEY `users_email_unique` (`email`)
) ENGINE=InnoDB AUTO_INCREMENT=2 DEFAULT CHARSET=utf8mb4 COLLATE=utf8mb4_unicode_ci;
/*!40101 SET character_set_client = @saved_cs_client */;

LOCK TABLES `users` WRITE;
/*!40000 ALTER TABLE `users` DISABLE KEYS */;
INSERT INTO `users` VALUES (1,'Admin','hachica','jacquelyn.hernandez7@gmail.com','$2y$10$5dAoJovwtnTf3/VD00b1Y.LLoykLuc7V3jD47q0yyR5Qx7IzYZCMe',NULL,NULL,NULL);
/*!40000 ALTER TABLE `users` ENABLE KEYS */;
UNLOCK TABLES;
/*!40103 SET TIME_ZONE=@OLD_TIME_ZONE */;

/*!40101 SET SQL_MODE=@OLD_SQL_MODE */;
/*!40014 SET FOREIGN_KEY_CHECKS=@OLD_FOREIGN_KEY_CHECKS */;
/*!40014 SET UNIQUE_CHECKS=@OLD_UNIQUE_CHECKS */;
/*!40101 SET CHARACTER_SET_CLIENT=@OLD_CHARACTER_SET_CLIENT */;
/*!40101 SET CHARACTER_SET_RESULTS=@OLD_CHARACTER_SET_RESULTS */;
/*!40101 SET COLLATION_CONNECTION=@OLD_COLLATION_CONNECTION */;
/*!40111 SET SQL_NOTES=@OLD_SQL_NOTES */;

